step,error
0,No more individual to be mutated
1, (Mutation error)
1,No more individual to be mutated
2, (Mutation error)
2,C (Mutation error)
2,No more individual to be mutated
3, (Mutation error)
3,C (Mutation error)
3,No more individual to be mutated
4,CCCC (Mutation error)
4,CCC (Mutation error)
4, (Mutation error)
4,No more individual to be mutated
5,C#CCC (Mutation error)
5,CCC (Mutation error)
5, (Mutation error)
5,C (Mutation error)
5,No more individual to be mutated
6,CCC1=CC#C1 (Mutation error)
6,CC1CC1C (Mutation error)
6,C#C (Mutation error)
6,CC (Mutation error)
6,CCC1CC1C (Mutation error)
6,CCC (Mutation error)
6, (Mutation error)
6,C (Mutation error)
6,No more individual to be mutated
7, (Mutation error)
7,CCC (Mutation error)
7,CCCC (Mutation error)
7,CCCCC (Mutation error)
7,C#C (Mutation error)
7,CCC#CCC (Mutation error)
8,C1#CC=C1 (Mutation error)
8, (Mutation error)
9,C1#CC=C1 (Mutation error)
9,CCC1=CC#C1 (Mutation error)
9,CCCC1=CC#C1 (Mutation error)
9,C#C (Mutation error)
9,C1CC1 (Mutation error)
9,CC (Mutation error)
9,C#CC (Mutation error)
9,CCCCC (Mutation error)
9,CC#CCC (Mutation error)
10,C1#CC(C2C=C2)=C1 (Mutation error)
10,CC1=CC1C1=CC#C1 (Mutation error)
10,C1C2=C1C2 (Mutation error)
10,CCC1=CC#C1 (Mutation error)
10,CCCC (Mutation error)
10,CCC#CCC (Mutation error)
10,C#CC (Mutation error)
11,C1=CC1C1=CC1 (Mutation error)
11,C1=CCC1 (Mutation error)
11,CCC1C=C1 (Mutation error)
11,C1=CC2CC12 (Mutation error)
12,CC1=CC1C1=CC#C1 (Mutation error)
12,C1=CC1 (Mutation error)
12,C1=CC=1 (Mutation error)
12,CC1=CC1 (Mutation error)
12,C1=CCC1 (Mutation error)
12,C12=C3C1C23 (Mutation error)
12,CC1=C(C)C1 (Mutation error)
13,C1#CC(C2C=C2)=C1 (Mutation error)
13,C1=CC1 (Mutation error)
13,C1=CC=1 (Mutation error)
14,C1=CC1C1=CC1 (Mutation error)
14,CC1=CC1C1=CC#C1 (Mutation error)
14,C1=CC1C1=CC2CC12 (Mutation error)
15,C1=CC12C1C3=C1C32 (Mutation error)
15,CC1=C(C2C=C2)C1 (Mutation error)
15,C=CC1=C(C)C=C1 (Mutation error)
16,CC12C3=C1C(=C3)C21C=C1 (Mutation error)
16,CC1=CC=C1C (Mutation error)
16,CC1C2=CC=C21 (Mutation error)
16,C1=C(C2=CC2)C1 (Mutation error)
16,CCC1=CC=C1 (Mutation error)
16,C=CC1=C(C)C=C1 (Mutation error)
16,C=CCC1=CC=C1 (Mutation error)
17,C1=CC12C1=CC3=C1C32 (Mutation error)
18,CC12C3=C1C(=C3)C21C=C1 (Mutation error)
18,CC1=C(C)C=C1 (Mutation error)
18,CCC1=CC=C1 (Mutation error)
18,C1=CC1C1=CC1 (Mutation error)
18,C1=CC12C1C3=C1C32 (Mutation error)
18,C1=CC=1C1=CC#C1 (Mutation error)
19,CC1=CC=C1C (Mutation error)
19,CC1C2=CC=C21 (Mutation error)
19,CCC1=CC=C1 (Mutation error)
19,C1=CC1C1=CC1 (Mutation error)
20,CC12C3=C1C(=C3)C21C=C1 (Mutation error)
20,CCC1=CC=C1 (Mutation error)
20,C1=CC12C1C3=C1C32 (Mutation error)
20,CCC1=CC(C)=C1 (Mutation error)
21,C1=CC12C1=CC3=C1C32 (Mutation error)
21,CC1C2=CC=C21 (Mutation error)
21,C1=C(C2=CC2)C1 (Mutation error)
21,C1=CC1C1=CC1 (Mutation error)
22,C1=CC12C1=CC3=C1C32 (Mutation error)
22,CC12C3=C1C(=C3)C21C=C1 (Mutation error)
22,C1=CC12C=C2 (Mutation error)
22,CC1=CC=C1C (Mutation error)
22,CC12CC3=C1C(=C3)C21C=C1 (Mutation error)
22,C1=C(C2=CC2)C1 (Mutation error)
22,CC1=CC1C1=CC1 (Mutation error)
22,C1=CC12C1C3=C1C32 (Mutation error)
22,CCC1=CC(C)=C1 (Mutation error)
23,C1=CC12C1=CC3=C1C32 (Mutation error)
23,CC1C2=CC=C21 (Mutation error)
25,C1=C2C3=CC123 (Mutation error)
25,C1=CC12C=C2 (Mutation error)
25,C1=CC2C=C12 (Mutation error)
26,C1=C2C=C12 (Mutation error)
26,CC12C3=C1C(=C3)C21C=C1 (Mutation error)
26,C1=CC12C=C2 (Mutation error)
26,C1=CC2(C1)C1=CC3=C1C32 (Mutation error)
26,CC1=CC12C=C2 (Mutation error)
27,c1cc2c3c1c23 (Mutation error)
27,C1=C2C=C1C2 (Mutation error)
27,CC12C3=C1C(=C3)C21C=C1 (Mutation error)
27,C1=CC12C=C2 (Mutation error)
28,CC1=CC2=CC1=C2 (Mutation error)
28,C1=CC=C1 (Mutation error)
28,CC1=CC=C1 (Mutation error)
28,CC12C3=C1C(=C3)C21C=C1 (Mutation error)
28,C1=CC12C=C2 (Mutation error)
28,C1=CC2C=C12 (Mutation error)
28,CC1=CC(C)=C1 (Mutation error)
28,CC1=C(C)C=C1 (Mutation error)
29,C1=CC2=CC1=C2 (Mutation error)
29,c1cc2c3c1c23 (Mutation error)
29,C1=CC=C1 (Mutation error)
30,CC1C=CC12CC1=CC=C12 (Mutation error)
30,C1=C2C=C12 (Mutation error)
30,C1=CC12C1=CC3=C1C32 (Mutation error)
30,C1=CC12C=C2 (Mutation error)
31,CC1C2=CC=C2C12C=CC2 (Mutation error)
31,CC1C=CC12CC1=CC=C12 (Mutation error)
31,C1=C2C=C12 (Mutation error)
31,C1=CC=C1 (Mutation error)
31,C1=C2C=C1C2 (Mutation error)
31,C1=C2C3=CC123 (Mutation error)
32,c1cc2cc-2c1 (Mutation error)
32,c1cc2c3c1c23 (Mutation error)
32,C1=CC2=CC1=C2 (Mutation error)
32,C1=CC=C1 (Mutation error)
32,C1=C2C=C12 (Mutation error)
32,C1=C2C=C1C2 (Mutation error)
32,CC1=CC=C1 (Mutation error)
32,C1=CC12C=C2 (Mutation error)
32,C1=C2C3=CC123 (Mutation error)
32,C1=CC2C=C12 (Mutation error)
33,CC1C=CC12C1=CC=C12 (Mutation error)
33,CC1=C2C=CC1=C2 (Mutation error)
34,c1cc2cc-2c1 (Mutation error)
34,Cc1c2cccc1-2 (Mutation error)
34,c1cc2c3c1c23 (Mutation error)
34,C1=CC2=CC1=CC2 (Mutation error)
34,C=C1C=CC=C1 (Mutation error)
34,CC1=CC2=CC1=C2 (Mutation error)
34,C1=C2C=C12 (Mutation error)
35,C1=CC2=CC1=C2 (Mutation error)
35,C1=CC2=CC(=C2)C1 (Mutation error)
35,C=C1C=CC=C1 (Mutation error)
35,CC1C2=CC=C2C12C=CC2 (Mutation error)
36,c1cc2cc-2c1 (Mutation error)
36,C1=CC2=CC1=CC2 (Mutation error)
36,CC1C=CC12C1=CC=C12 (Mutation error)
36,CC1C=CC12CC1=CC=C12 (Mutation error)
36,C=C1C=CC(C)=C1 (Mutation error)
37,c1cc2cc-2c1 (Mutation error)
37,C=C1C=CC=C1 (Mutation error)
37,CC1C2=CC=C2C12C=CC2 (Mutation error)
37,c1c2cc3c-2c1-3 (Mutation error)
37,CC1C=CC12CC1=CC=C12 (Mutation error)
38,c1cc2c3c1c23 (Mutation error)
39,c1cc2cc-2c1 (Mutation error)
39,Cc1cc2cc-2c1 (Mutation error)
39,C1=CC2=CC1=C2 (Mutation error)
39,C1=CC2=CC1=CC2 (Mutation error)
40,C1=CC2=CC(=C2)C1 (Mutation error)
41,Cc1cc2cc-2c1 (Mutation error)
41,c1cc2c3c-2c1C3 (Mutation error)
42,C1=CC2=CC1=C2 (Mutation error)
42,c1cc2c3c-2c1C3 (Mutation error)
43,Cc1cc2cc-2c1 (Mutation error)
43,C1=CC2=CC1=C2 (Mutation error)
43,C1=CC2=CC(=C2)C1 (Mutation error)
43,C1=CC2=CC1=CC2 (Mutation error)
43,c1cc2c3c-2c1C3 (Mutation error)
44,Cc1cc2cc-2c1 (Mutation error)
44,CCc1cc2cc-2c1 (Mutation error)
44,C1=CC2=CC(=C2)C1 (Mutation error)
44,C1=CC2=CC1=CC2 (Mutation error)
45,CCc1c2cccc1-2 (Mutation error)
45,Cc1cc2cc-2c1 (Mutation error)
45,C1=CC2=CC1=C2 (Mutation error)
45,c1cc2c3c-2c1C3 (Mutation error)
45,C1=CC2=C1C2C1C=C1 (Mutation error)
46,c1cc2cc-2c1 (Mutation error)
46,Cc1ccc2cc1-2 (Mutation error)
46,CCc1c2cccc1-2 (Mutation error)
46,CCc1cc2cc-2c1 (Mutation error)
46,C1=CC2=CC1=C2 (Mutation error)
47,CCc1cc2cc-2c1 (Mutation error)
47,c1cc2c3c1c23 (Mutation error)
47,CCCc1cc2cc-2c1 (Mutation error)
48,Cc1cc2cc-2c1 (Mutation error)
48,C1=CC2=CC1=C2 (Mutation error)
48,c1cc2c3c1c23 (Mutation error)
48,CCCc1cc2cc-2c1 (Mutation error)
49,c1cc2cc-2c1 (Mutation error)
49,CCc1ccc2cc1-2 (Mutation error)
50,c1cc2cc-2c1 (Mutation error)
50,Cc1ccc2cc1-2 (Mutation error)
50,c1cc2c3c1c23 (Mutation error)
50,C1=CC2=CC1=C2 (Mutation error)
51,c1cc2cc(c1)C2 (Mutation error)
51,Cc1c2cccc1-2 (Mutation error)
51,C#CCCc1c2cccc1-2 (Mutation error)
52,CC(C)c1c2cccc1-2 (Mutation error)
53,c1cc2cc(c1)C2 (Mutation error)
53,c1cc2cc(c1)CC2 (Mutation error)
53,CCc1c2cccc1-2 (Mutation error)
53,CCc1ccc2cc1-2 (Mutation error)
53,C#CCCc1c2cccc1-2 (Mutation error)
53,C1=CC2=CC1=C2 (Mutation error)
53,c1cc2c3c1c23 (Mutation error)
53,CCCc1cc2cc-2c1 (Mutation error)
54,c1cc2cc-2c1 (Mutation error)
54,Cc1c2cccc1-2 (Mutation error)
54,CCc1c2cccc1-2 (Mutation error)
54,CCC(C)c1c2cccc1-2 (Mutation error)
54,Cc1cc2cc-2c1 (Mutation error)
55,c1cc2cc-2c1 (Mutation error)
55,c1cc2cc(c1)C2 (Mutation error)
55,Cc1ccc2cc1-2 (Mutation error)
55,CCc1ccc2cc1-2 (Mutation error)
55,CC(C)c1c2cccc1-2 (Mutation error)
55,CCCc1c2cccc1-2 (Mutation error)
55,C#CCCc1c2cccc1-2 (Mutation error)
55,CCc1cc2cc-2c1 (Mutation error)
55,c1cc2c3c1c23 (Mutation error)
55,C1=CC2=CC1=C2 (Mutation error)
56,c1cc2cc-2c1 (Mutation error)
56,Cc1c2cccc1-2 (Mutation error)
56,CC(C)c1c2cccc1-2 (Mutation error)
56,C#CCc1c2cccc1-2 (Mutation error)
56,C1#CC1c1c2cccc1-2 (Mutation error)
56,Cc1cc2cc-2c1 (Mutation error)
57,Cc1c2cccc1-2 (Mutation error)
57,CC(C)c1c2cccc1-2 (Mutation error)
57,C1#CC1c1c2cccc1-2 (Mutation error)
57,C#CCc1c2cccc1-2 (Mutation error)
58,Cc1c2cccc1-2 (Mutation error)
58,C#CCc1c2cccc1-2 (Mutation error)
59,c1cc2cc-2c1 (Mutation error)
59,c1cc2cc(c1)C2 (Mutation error)
59,Cc1c2cccc1-2 (Mutation error)
59,CCc1c2cccc1-2 (Mutation error)
59,CCc1ccc2cc1-2 (Mutation error)
59,CC(C)c1c2cccc1-2 (Mutation error)
59,CCC(C)c1c2cccc1-2 (Mutation error)
59,CCC(C)c1ccc2cc1-2 (Mutation error)
59,Cc1cc2cc-2c1 (Mutation error)
59,CCC#Cc1c2cccc1-2 (Mutation error)
60,c1cc2cc-2c1 (Mutation error)
60,c1cc2cc(c1)C2 (Mutation error)
60,Cc1c2cccc1-2 (Mutation error)
61,c1cc2cc-2c1 (Mutation error)
61,c1cc2cc(c1)C2 (Mutation error)
61,Cc1ccc2cc1-2 (Mutation error)
61,Cc1c2cccc1-2 (Mutation error)
61,CCc1ccc2cc1-2 (Mutation error)
61,Cc1c2cccc1C2 (Mutation error)
61,CCc1c2cccc1-2 (Mutation error)
61,C1#CC1c1ccc2cc1-2 (Mutation error)
61,CCC(C)c1c2cccc1-2 (Mutation error)
62,CCc1ccc2cc1-2 (Mutation error)
62,CCc1c2cccc1-2 (Mutation error)
63,c1cc2cc-2c1 (Mutation error)
63,Cc1ccccc1C (Mutation error)
63,Cc1c2cccc1C2 (Mutation error)
63,CCc1ccc2cc1-2 (Mutation error)
63,CCCc1ccc2cc1-2 (Mutation error)
64,Cc1ccc2cc1-2 (Mutation error)
64,CC1c2cccc(c2)C1C (Mutation error)
64,CCc1c2cccc1-2 (Mutation error)
64,Cc1c2cccc1C2 (Mutation error)
65,c1cc2cc(c1)C2 (Mutation error)
65,Cc1cccc(C)c1 (Mutation error)
65,c1cc2cc(c1)CCC2 (Mutation error)
65,CC1c2cccc(c2)C1C (Mutation error)
65,Cc1c2cccc1C2 (Mutation error)
65,CC(C)c1ccc2cc1-2 (Mutation error)
65,CC(C)c1c2cccc1-2 (Mutation error)
66,c1cc2cc(c1)C2 (Mutation error)
66,c1cc2cc(c1)CCC2 (Mutation error)
66,Cc1c2cccc1-2 (Mutation error)
67,C1=Cc2cccc1c2 (Mutation error)
67,Cc1cccc(C)c1 (Mutation error)
67,CCc1cccc(C)c1 (Mutation error)
68,CCc1ccccc1 (Mutation error)
68,CCCc1ccccc1 (Mutation error)
68,Cc1ccccc1C (Mutation error)
68,c1cc2cc(c1)C2 (Mutation error)
68,Cc1cccc(C)c1 (Mutation error)
68,CCc1cccc(C)c1 (Mutation error)
68,Cc1ccc2cc1-2 (Mutation error)
68,Cc1c2cccc1-2 (Mutation error)
68,c1cc2cc(c1)CCC2 (Mutation error)
68,CC1c2cccc(c2)C1C (Mutation error)
68,CCc1ccc2cc1-2 (Mutation error)
68,Cc1c2cccc1C2 (Mutation error)
69,Cc1ccccc1 (Mutation error)
69,c1cc2cc-2c1 (Mutation error)
69,CCc1cccc(C)c1 (Mutation error)
69,Cc1ccc2cc1-2 (Mutation error)
69,Cc1c2cccc1-2 (Mutation error)
69,c1cc2cc(c1)CCC2 (Mutation error)
70,CCc1ccccc1 (Mutation error)
70,Cc1ccccc1C (Mutation error)
70,c1ccc2c(c1)CC2 (Mutation error)
70,c1cc2cc(c1)C2 (Mutation error)
70,c1cc2cc(c1)CC2 (Mutation error)
70,Cc1ccc2cc1-2 (Mutation error)
70,c1cc2cc(c1)CCC2 (Mutation error)
71,Cc1ccccc1 (Mutation error)
71,c1cc2cc-2c1 (Mutation error)
71,c1cc2cc(c1)C2 (Mutation error)
72,c1ccccc1 (Mutation error)
72,c1cc2cc-2c1 (Mutation error)
72,CCc1ccccc1 (Mutation error)
72,CCCc1ccccc1 (Mutation error)
72,Cc1ccccc1C (Mutation error)
72,C1=Cc2cccc1c2 (Mutation error)
72,c1cc2cc(c1)C2 (Mutation error)
72,CC1c2cccc1c2 (Mutation error)
73,c1cc2cc-2c1 (Mutation error)
73,CCCc1ccccc1 (Mutation error)
73,Cc1ccccc1C (Mutation error)
73,C1=Cc2cccc1c2 (Mutation error)
73,c1cc2cc(c1)C2 (Mutation error)
73,Cc1cccc(C)c1 (Mutation error)
73,CC1c2cccc1c2 (Mutation error)
73,c1cc2cc(c1)CC2 (Mutation error)
73,Cc1c2cccc1-2 (Mutation error)
74,c1ccccc1 (Mutation error)
74,c1cc2cc-2c1 (Mutation error)
74,Cc1ccccc1C (Mutation error)
74,c1ccc2c(c1)CC2 (Mutation error)
74,CC1c2cccc1c2 (Mutation error)
75,c1ccccc1 (Mutation error)
75,CCc1ccccc1 (Mutation error)
75,CCCc1ccccc1 (Mutation error)
75,c1ccc2c(c1)CC2 (Mutation error)
75,C1=Cc2cccc1c2 (Mutation error)
75,CC1c2cccc1c2 (Mutation error)
75,CCc1cccc(C)c1 (Mutation error)
76,c1ccccc1 (Mutation error)
76,CCCc1ccccc1 (Mutation error)
76,c1ccc2c(c1)CCC2 (Mutation error)
77,c1ccccc1 (Mutation error)
77,c1ccc2c(c1)CCC2 (Mutation error)
77,C1=Cc2cccc1c2 (Mutation error)
77,Cc1ccc(C)cc1 (Mutation error)
77,c1cc2cc(c1)C2 (Mutation error)
77,CC1c2cccc1c2 (Mutation error)
78,c1ccccc1 (Mutation error)
78,Cc1ccccc1 (Mutation error)
78,c1cc2cc-2c1 (Mutation error)
78,C#Cc1ccccc1 (Mutation error)
78,C1=Cc2cccc1c2 (Mutation error)
78,c1cc2cc(c1)C2 (Mutation error)
79,c1ccccc1 (Mutation error)
79,Cc1ccccc1 (Mutation error)
79,c1cc2cc-2c1 (Mutation error)
79,CCC(C)c1ccccc1 (Mutation error)
79,c1ccc2c(c1)CC2 (Mutation error)
79,Cc1ccc(C)cc1 (Mutation error)
79,c1cc2cc(c1)C2 (Mutation error)
79,Cc1cccc(C)c1 (Mutation error)
79,CC1c2cccc1c2 (Mutation error)
80,c1ccccc1 (Mutation error)
80,Cc1ccccc1 (Mutation error)
80,c1cc2cc-2c1 (Mutation error)
80,C#Cc1ccccc1 (Mutation error)
80,CC(C)c1ccccc1 (Mutation error)
80,CC(C)C(C)c1ccccc1 (Mutation error)
81,c1cc2cc-2c1 (Mutation error)
81,CCc1ccccc1 (Mutation error)
81,Cc1ccccc1C (Mutation error)
81,CCc1ccccc1C (Mutation error)
82,Cc1ccccc1 (Mutation error)
82,c1cc2cc-2c1 (Mutation error)
82,C#Cc1ccccc1 (Mutation error)
82,CC(C)c1ccccc1 (Mutation error)
83,c1cc2cc-2c1 (Mutation error)
83,CC1=Cc2ccccc21 (Mutation error)
83,Cc1ccccc1C (Mutation error)
83,c1ccc2c(c1)CC2 (Mutation error)
84,c1ccccc1 (Mutation error)
84,c1cc2cc-2c1 (Mutation error)
84,CC(C)c1ccccc1 (Mutation error)
84,CCCc1ccccc1 (Mutation error)
84,CCC(C)c1ccccc1 (Mutation error)
84,CC1=Cc2ccccc21 (Mutation error)
84,Cc1ccccc1C (Mutation error)
84,CCc1ccccc1C (Mutation error)
85,c1ccccc1 (Mutation error)
85,Cc1ccccc1 (Mutation error)
85,c1cc2cc-2c1 (Mutation error)
85,CC1=Cc2ccccc21 (Mutation error)
85,CCC(C)C(C)c1ccccc1 (Mutation error)
85,c1ccc2c(c1)CC2 (Mutation error)
86,c1ccccc1 (Mutation error)
86,Cc1ccccc1 (Mutation error)
86,c1cc2cc-2c1 (Mutation error)
86,CCCc1ccccc1 (Mutation error)
86,Cc1ccccc1C (Mutation error)
86,c1ccc2c(c1)CC2 (Mutation error)
86,CCc1ccccc1C (Mutation error)
87,Cc1ccccc1 (Mutation error)
87,c1cc2cc-2c1 (Mutation error)
87,CCc1ccccc1 (Mutation error)
87,CCCc1ccccc1 (Mutation error)
87,CCC1C=CC1c1ccccc1 (Mutation error)
87,CCC(C)c1ccccc1 (Mutation error)
87,CC(C)C(C)c1ccccc1 (Mutation error)
87,CCCC=C(C)c1ccccc1 (Mutation error)
87,c1ccc2c(c1)CC2 (Mutation error)
88,c1ccccc1 (Mutation error)
88,Cc1ccccc1 (Mutation error)
88,CCc1ccccc1 (Mutation error)
89,c1ccccc1 (Mutation error)
89,Cc1ccccc1 (Mutation error)
89,c1cc2cc-2c1 (Mutation error)
89,C#Cc1ccccc1 (Mutation error)
89,CCCc1ccccc1 (Mutation error)
89,CCCC(C)c1ccccc1 (Mutation error)
90,c1ccccc1 (Mutation error)
90,Cc1ccccc1 (Mutation error)
90,c1cc2cc-2c1 (Mutation error)
90,CCC(C)(C)c1ccccc1 (Mutation error)
91,Cc1ccccc1 (Mutation error)
91,c1cc2cc-2c1 (Mutation error)
91,C#Cc1ccccc1 (Mutation error)
92,c1ccccc1 (Mutation error)
92,Cc1ccccc1 (Mutation error)
92,c1cc2ccc1-2 (Mutation error)
92,c1cc2cc-2c1 (Mutation error)
92,CCCc1ccccc1 (Mutation error)
92,CCC1C=CC1c1ccccc1 (Mutation error)
92,CC(C)(C)c1ccccc1 (Mutation error)
92,CC(C)C(C)c1ccccc1 (Mutation error)
93,Cc1ccccc1 (Mutation error)
93,c1cc2cc-2c1 (Mutation error)
93,CCc1ccccc1 (Mutation error)
93,CC(C)(C)c1ccccc1 (Mutation error)
94,c1ccccc1 (Mutation error)
94,Cc1ccccc1 (Mutation error)
94,c1cc2cc-2c1 (Mutation error)
94,C#Cc1ccccc1 (Mutation error)
94,CCc1ccccc1 (Mutation error)
95,c1ccccc1 (Mutation error)
95,c1cc2cc-2c1 (Mutation error)
95,CCc1ccccc1 (Mutation error)
95,CCCc1ccccc1 (Mutation error)
96,c1ccccc1 (Mutation error)
96,Cc1ccccc1 (Mutation error)
96,c1cc2ccc1-2 (Mutation error)
96,c1cc2cc-2c1 (Mutation error)
96,CCC(C)c1ccccc1 (Mutation error)
97,c1ccccc1 (Mutation error)
97,C#Cc1ccccc1 (Mutation error)
97,CC(C)c1ccccc1 (Mutation error)
98,c1ccccc1 (Mutation error)
98,Cc1ccccc1 (Mutation error)
98,c1cc2ccc1-2 (Mutation error)
98,c1cc2cc-2c1 (Mutation error)
98,CCCc1ccccc1 (Mutation error)
98,CCC1C=CC1c1ccccc1 (Mutation error)
98,CCC(C)c1ccccc1 (Mutation error)
98,CCCCc1ccccc1 (Mutation error)
99,c1ccccc1 (Mutation error)
99,Cc1ccccc1 (Mutation error)
99,c1cc2ccc1-2 (Mutation error)
99,CCc1ccccc1 (Mutation error)
99,CC(C)c1ccccc1 (Mutation error)
99,CCCc1ccccc1 (Mutation error)
99,CCCCc1ccccc1 (Mutation error)
100,c1ccccc1 (Mutation error)
100,Cc1ccccc1 (Mutation error)
100,c1cc2ccc1-2 (Mutation error)
100,CCc1ccccc1 (Mutation error)
100,CC(C)(C)c1ccccc1 (Mutation error)
100,CC(C)Cc1ccccc1 (Mutation error)
101,CCC1C=C(c2ccccc2)C1 (Mutation error)
101,c1ccccc1 (Mutation error)
101,c1cc2ccc1-2 (Mutation error)
101,CCC1C=CC1c1ccccc1 (Mutation error)
102,c1ccccc1 (Mutation error)
102,Cc1ccccc1 (Mutation error)
102,c1cc2ccc1-2 (Mutation error)
102,c1cc2cc-2c1 (Mutation error)
102,C=Cc1ccccc1 (Mutation error)
102,C#Cc1ccccc1 (Mutation error)
102,CC(C)c1ccccc1 (Mutation error)
102,CC(C)Cc1ccccc1 (Mutation error)
102,CCCCc1ccccc1 (Mutation error)
102,c1ccc(CC2CC2)cc1 (Mutation error)
103,Cc1ccccc1 (Mutation error)
103,c1cc2ccc1-2 (Mutation error)
103,c1cc2cc-2c1 (Mutation error)
103,C=Cc1ccccc1 (Mutation error)
103,CCc1ccccc1 (Mutation error)
103,CCCc1ccccc1 (Mutation error)
104,CCC1C=C(c2ccccc2)C1 (Mutation error)
104,c1ccccc1 (Mutation error)
104,c1cc2ccc1-2 (Mutation error)
104,c1cc2cc-2c1 (Mutation error)
104,CCc1ccccc1 (Mutation error)
104,CCCc1ccccc1 (Mutation error)
105,c1ccccc1 (Mutation error)
105,Cc1ccccc1 (Mutation error)
105,c1cc2cc-2c1 (Mutation error)
105,CCc1ccccc1 (Mutation error)
105,CC(C)c1ccccc1 (Mutation error)
105,CC1(Cc2ccccc2)C=CC1 (Mutation error)
105,CCC1C=CC1c1ccccc1 (Mutation error)
105,CCC(C)c1ccccc1 (Mutation error)
106,CC1(C)C=C(c2ccccc2)C1 (Mutation error)
106,C1=C(c2ccccc2)CC12CCC2 (Mutation error)
106,c1ccccc1 (Mutation error)
106,Cc1ccccc1 (Mutation error)
106,c1cc2cc-2c1 (Mutation error)
106,CCc1ccccc1 (Mutation error)
106,CCCc1ccccc1 (Mutation error)
106,CC(C)(C)c1ccccc1 (Mutation error)
107,c1ccccc1 (Mutation error)
107,Cc1ccccc1 (Mutation error)
107,c1cc2ccc1-2 (Mutation error)
107,c1cc2cc-2c1 (Mutation error)
107,C#Cc1ccccc1 (Mutation error)
108,CC1(C)C=C(c2ccccc2)C1 (Mutation error)
108,C1=C(c2ccccc2)CC12CCC2 (Mutation error)
108,CC1=C(c2ccccc2)CC1C (Mutation error)
108,Cc1ccccc1 (Mutation error)
108,c1cc2cc-2c1 (Mutation error)
109,Cc1ccccc1 (Mutation error)
109,c1cc2ccc1-2 (Mutation error)
109,c1cc2cc-2c1 (Mutation error)
109,C#Cc1ccccc1 (Mutation error)
109,CC=Cc1ccccc1 (Mutation error)
110,CC1(C)C=C(c2ccccc2)C1 (Mutation error)
110,C1=C(c2ccccc2)CC12CCC2 (Mutation error)
110,c1ccccc1 (Mutation error)
110,Cc1ccccc1 (Mutation error)
110,c1cc2ccc1-2 (Mutation error)
110,c1cc2cc-2c1 (Mutation error)
110,C=Cc1ccccc1 (Mutation error)
110,CCc1ccccc1 (Mutation error)
110,CC(C)c1ccccc1 (Mutation error)
110,CC=Cc1ccccc1 (Mutation error)
110,CCCc1ccccc1 (Mutation error)
110,CCC1C=CC1c1ccccc1 (Mutation error)
111,CC1(C)C=C(c2ccccc2)C1 (Mutation error)
111,CCC1C=C(c2ccccc2)C1 (Mutation error)
111,CCC1(C)C=C(c2ccccc2)C1 (Mutation error)
111,CCC1=C(c2ccccc2)CC1C (Mutation error)
111,c1cc2cc-2c1 (Mutation error)
111,C=Cc1ccccc1 (Mutation error)
111,CCc1ccccc1 (Mutation error)
111,CC1(Cc2ccccc2)C=CC1 (Mutation error)
111,CCCc1ccccc1 (Mutation error)
112,CC1(C)C=C(c2ccccc2)C1 (Mutation error)
112,CCC1C=C(c2ccccc2)C1 (Mutation error)
112,c1ccccc1 (Mutation error)
112,CCC1=C(c2ccccc2)CC1C (Mutation error)
112,c1cc2cc-2c1 (Mutation error)
112,C=Cc1ccccc1 (Mutation error)
113,CC1(C)C=C(c2ccccc2)C1 (Mutation error)
113,CCC1(C)C=C(c2ccccc2)C1 (Mutation error)
113,c1ccccc1 (Mutation error)
113,CC1=C(c2ccccc2)CC1C (Mutation error)
113,Cc1ccccc1 (Mutation error)
113,c1cc2cc-2c1 (Mutation error)
113,CCc1ccccc1 (Mutation error)
113,C#Cc1ccccc1 (Mutation error)
113,CC(C)c1ccccc1 (Mutation error)
114,CC1C=C(c2ccccc2)C1 (Mutation error)
114,C1=C(c2ccccc2)CC12CCC2 (Mutation error)
114,c1ccccc1 (Mutation error)
114,CC1=C(c2ccccc2)CC1C (Mutation error)
114,Cc1ccccc1 (Mutation error)
114,c1cc2cc-2c1 (Mutation error)
114,C=Cc1ccccc1 (Mutation error)
114,CCc1ccccc1 (Mutation error)
114,CCC1=C(c2ccccc2)CC1CC (Mutation error)
114,CC(C)c1ccccc1 (Mutation error)
115,CC1C=C(c2ccccc2)C1 (Mutation error)
115,CC1(C)C=C(c2ccccc2)C1 (Mutation error)
115,Cc1ccccc1 (Mutation error)
115,CCC1=C(c2ccccc2)CC1C (Mutation error)
115,c1cc2ccc1-2 (Mutation error)
115,c1cc2cc-2c1 (Mutation error)
115,CCc1ccccc1 (Mutation error)
116,CC1C=C(c2ccccc2)C1 (Mutation error)
116,CCC1(C)C=C(c2ccccc2)C1 (Mutation error)
116,c1ccccc1 (Mutation error)
116,CC1=C(c2ccccc2)CC1C (Mutation error)
116,CCC1=C(c2ccccc2)CC1C (Mutation error)
116,c1cc2ccc1-2 (Mutation error)
116,c1cc2cc-2c1 (Mutation error)
116,CCC1=C(c2ccccc2)CC1(C)C (Mutation error)
116,C#Cc1ccccc1 (Mutation error)
116,C=Cc1ccccc1 (Mutation error)
116,CCc1ccccc1 (Mutation error)
117,CC1C=C(c2ccccc2)C1 (Mutation error)
117,CC1(C)C=C(c2ccccc2)C1 (Mutation error)
117,CC1=C(c2ccccc2)CC1C (Mutation error)
117,Cc1ccccc1 (Mutation error)
117,c1cc2ccc1-2 (Mutation error)
117,c1cc2cc-2c1 (Mutation error)
118,CC1=C(c2ccccc2)CC1C (Mutation error)
118,C1=C(c2ccccc2)CCC12CCC2 (Mutation error)
119,CCC1C=C(c2ccccc2)C1 (Mutation error)
119,CC1=C2C=C(c3ccccc3)C12 (Mutation error)
119,C1=C(c2ccccc2)CC12CCC2 (Mutation error)
119,Cc1ccccc1 (Mutation error)
120,C1=C(c2ccccc2)CC12CCC2 (Mutation error)
121,CCC1=C(c2ccccc2)C1 (Mutation error)
122,CCC1C=C(c2ccccc2)C1 (Mutation error)
122,CCC1=C(c2ccccc2)C1 (Mutation error)
122,c1ccccc1 (Mutation error)
123,CC1(C)C=C1c1ccccc1 (Mutation error)
123,CC1C=C(c2ccccc2)C1 (Mutation error)
123,CC1=C2C=C(c3ccccc3)C12 (Mutation error)
123,c1ccccc1 (Mutation error)
124,CCC1(C)C=C(c2ccccc2)C1 (Mutation error)
124,CCCC1C=C(c2ccccc2)C1 (Mutation error)
124,C1=C(c2ccccc2)CC12CCC2 (Mutation error)
125,CC1(C)C=C1c1ccccc1 (Mutation error)
125,CCC1=C(c2ccccc2)C1 (Mutation error)
126,CC1C2=C(c3ccccc3)C21 (Mutation error)
126,CCC1=C(c2ccccc2)C1 (Mutation error)
127,CC1C2=C(c3ccccc3)C21 (Mutation error)
128,CC=C1C=C1c1ccccc1 (Mutation error)
128,CCC1C=C(c2ccccc2)C1 (Mutation error)
129,CC1(C)C=C(c2ccccc2)C1 (Mutation error)
129,CC1=C2C=C(c3ccccc3)C12 (Mutation error)
129,CC1C(c2ccccc2)=CC1(C)C (Mutation error)
130,CCC1C=C1c1ccccc1 (Mutation error)
131,CCC1C=C1c1ccccc1 (Mutation error)
131,CC(C)C1C=C1c1ccccc1 (Mutation error)
131,CC(C)C1(C)C=C1c1ccccc1 (Mutation error)
132,C1=C2C=C(c3ccccc3)C12 (Mutation error)
132,CC1(C)C=C1c1ccccc1 (Mutation error)
132,CC=C1C=C1c1ccccc1 (Mutation error)
132,CCC1C=C(c2ccccc2)C1 (Mutation error)
132,CC1C2=C(c3ccccc3)C21 (Mutation error)
132,CC1=C2C=C(c3ccccc3)C12 (Mutation error)
132,CCC1=C(c2ccccc2)C1 (Mutation error)
133,CC1(C)C=C(c2ccccc2)C1 (Mutation error)
134,C1=C(c2ccccc2)CC1 (Mutation error)
134,CC1(C)C=C1c1ccccc1 (Mutation error)
134,CC1C=C(c2ccccc2)C1 (Mutation error)
134,CC=C1C=C1c1ccccc1 (Mutation error)
134,CC(C)C1C=C1c1ccccc1 (Mutation error)
135,C1=C(c2ccccc2)CC1 (Mutation error)
135,CC1C2=C(c3ccccc3)C21 (Mutation error)
136,C1=C2C=C(c3ccccc3)C12 (Mutation error)
136,c1ccc(C2=C3CC32)cc1 (Mutation error)
136,CC1(C)C=C(c2ccccc2)C1 (Mutation error)
136,CC(C)C1C=C1c1ccccc1 (Mutation error)
137,CC1(C)C=C1c1ccccc1 (Mutation error)
137,CC1C=C(c2ccccc2)C1 (Mutation error)
137,CC=C1C=C1c1ccccc1 (Mutation error)
137,c1ccc(C2=C3CC32)cc1 (Mutation error)
137,CCC1(C)C=C1c1ccccc1 (Mutation error)
137,CC1=C2C(c3ccccc3)=CC12 (Mutation error)
137,CCCC1C=C1c1ccccc1 (Mutation error)
137,CC1=C2C=C(c3ccccc3)C12 (Mutation error)
138,CC1(C)C=C1c1ccccc1 (Mutation error)
138,CC1C=C(c2ccccc2)C1 (Mutation error)
138,CC1CC=C1c1ccccc1 (Mutation error)
138,c1ccc(C2=C3CC32)cc1 (Mutation error)
138,CCC1(C)C=C1c1ccccc1 (Mutation error)
138,CC(C)C1C=C1c1ccccc1 (Mutation error)
139,CC=C1C=C1c1ccccc1 (Mutation error)
139,CCC1C=C1c1ccccc1 (Mutation error)
139,CC1CC=C1c1ccccc1 (Mutation error)
139,CC1(C)C=C(c2ccccc2)C1 (Mutation error)
139,CC(C)C1C=C1c1ccccc1 (Mutation error)
139,CCC1(C)C=C1c1ccccc1 (Mutation error)
139,CCCC1C=C1c1ccccc1 (Mutation error)
140,C1=C(c2ccccc2)C1 (Mutation error)
140,CC1C=C(c2ccccc2)C1 (Mutation error)
140,CC1CC=C1c1ccccc1 (Mutation error)
140,CC=C1C=C1c1ccccc1 (Mutation error)
140,c1ccc(C2=C3CC32)cc1 (Mutation error)
140,CC1(C)C=C(c2ccccc2)C1 (Mutation error)
141,C1=C(c2ccccc2)CC1 (Mutation error)
141,CC=C1C=C1c1ccccc1 (Mutation error)
141,c1ccc(C2=C3CC32)cc1 (Mutation error)
141,CC1(C)C=C(c2ccccc2)C1 (Mutation error)
141,C=CC1(C)C=C1c1ccccc1 (Mutation error)
141,CCC1(C)C=C1c1ccccc1 (Mutation error)
141,CC(C)C1C=C1c1ccccc1 (Mutation error)
142,C1=C2C=C(c3ccccc3)C12 (Mutation error)
142,CC=C1C=C1c1ccccc1 (Mutation error)
142,c1ccc(C2=C3CC32)cc1 (Mutation error)
143,C1=C2C=C(c3ccccc3)C12 (Mutation error)
143,CC1(C)C=C1c1ccccc1 (Mutation error)
143,CCC1C=C1c1ccccc1 (Mutation error)
143,CCC1C=C(c2ccccc2)C1 (Mutation error)
144,CC1(C)C=C1c1ccccc1 (Mutation error)
144,CC1C=C(c2ccccc2)C1 (Mutation error)
144,CC=C1C=C1c1ccccc1 (Mutation error)
145,C1=C(c2ccccc2)C1 (Mutation error)
145,C1=C(c2ccccc2)CC1 (Mutation error)
145,CC1C=C(c2ccccc2)C1 (Mutation error)
145,CC1CC=C1c1ccccc1 (Mutation error)
145,c1ccc(C2=C3CC32)cc1 (Mutation error)
146,C1=C(c2ccccc2)C1 (Mutation error)
146,CC1C=C1c1ccccc1 (Mutation error)
146,CC1(C)C=C1c1ccccc1 (Mutation error)
146,CC1C=C(c2ccccc2)C1 (Mutation error)
146,c1ccc(C2=C3CC32)cc1 (Mutation error)
147,CC1C=C1c1ccccc1 (Mutation error)
147,C1=C(c2ccccc2)C2=CC12 (Mutation error)
147,CC1C=C(c2ccccc2)C1 (Mutation error)
147,CC1=C(c2ccccc2)C1 (Mutation error)
147,c1ccc(C2=C3CC32)cc1 (Mutation error)
147,CC1(C)C=C(c2ccccc2)C1 (Mutation error)
147,CC(C)C1C=C1c1ccccc1 (Mutation error)
148,C1=C(c2ccccc2)C1 (Mutation error)
148,CC1C=C1c1ccccc1 (Mutation error)
148,C1=C2C=C(c3ccccc3)C12 (Mutation error)
148,CC1CC=C1c1ccccc1 (Mutation error)
148,c1ccc(C2=C3CC32)cc1 (Mutation error)
148,CC1(C)C=C(c2ccccc2)C1 (Mutation error)
148,CCC1C=C(c2ccccc2)C1 (Mutation error)
149,C1=C(c2ccccc2)C2=CC12 (Mutation error)
149,CC1C=C(c2ccccc2)C1 (Mutation error)
149,CC1CC=C1c1ccccc1 (Mutation error)
150,CC1(C)C=C1c1ccccc1 (Mutation error)
150,CC1C=C(c2ccccc2)C1 (Mutation error)
151,C1=C(c2ccccc2)C2=CC12 (Mutation error)
151,C1=C2C=C(c3ccccc3)C12 (Mutation error)
151,CC1(C)C=C1c1ccccc1 (Mutation error)
151,CC1C=C(c2ccccc2)C1 (Mutation error)
151,CCC1C=C1c1ccccc1 (Mutation error)
152,C1=C(c2ccccc2)C1 (Mutation error)
152,C1=C(c2ccccc2)CC1 (Mutation error)
152,C1=C(c2ccccc2)C2=CC12 (Mutation error)
153,C1=C(c2ccccc2)C2=CC12 (Mutation error)
153,CC1=CC=C(c2ccccc2)C1 (Mutation error)
154,C1=C2C=C(c3ccccc3)C12 (Mutation error)
154,C1=C2C=C(c3ccccc3)C1C2 (Mutation error)
154,CC1=CC=C(c2ccccc2)C1 (Mutation error)
154,CCC1C=C1c1ccccc1 (Mutation error)
154,CC=C1C=C1c1ccccc1 (Mutation error)
155,C1=C(c2ccccc2)C1 (Mutation error)
155,C1=CC(c2ccccc2)=CC1 (Mutation error)
155,C1=CCC(c2ccccc2)=C1 (Mutation error)
155,CC1C=C1c1ccccc1 (Mutation error)
155,C1=C2C=C(c3ccccc3)C12 (Mutation error)
155,CC1=CC=C(c2ccccc2)C1 (Mutation error)
156,C1=C(c2ccccc2)C1 (Mutation error)
156,C1=CC(c2ccccc2)=CC1 (Mutation error)
156,C1=CCC(c2ccccc2)=C1 (Mutation error)
156,CC1C=C1c1ccccc1 (Mutation error)
156,C1=C(c2ccccc2)CC1 (Mutation error)
156,CC1(C)C=C1c1ccccc1 (Mutation error)
156,CC1C=C(c2ccccc2)C1 (Mutation error)
156,C1=C2C=C(c3ccccc3)C1C2 (Mutation error)
157,C1=C(c2ccccc2)C1 (Mutation error)
157,CC1C=C1c1ccccc1 (Mutation error)
157,C1=C(c2ccccc2)CC1 (Mutation error)
157,C1=C(c2ccccc2)C2=CC12 (Mutation error)
157,C1=C2C=C(c3ccccc3)C12 (Mutation error)
158,C1=C(c2ccccc2)C1 (Mutation error)
158,CC1C=C1c1ccccc1 (Mutation error)
158,C1=C(c2ccccc2)CC1 (Mutation error)
158,CC1C=C(c2ccccc2)C1 (Mutation error)
158,C1=C2CC1C=C2c1ccccc1 (Mutation error)
158,CC=C1C=C1c1ccccc1 (Mutation error)
159,C1=CCC(c2ccccc2)=C1 (Mutation error)
159,CC1C=C1c1ccccc1 (Mutation error)
159,C1=C(c2ccccc2)CC1 (Mutation error)
159,CC1C=C(c2ccccc2)C1 (Mutation error)
159,C1=C2CC1C=C2c1ccccc1 (Mutation error)
159,CC1=C(c2ccccc2)C1 (Mutation error)
159,CCC1C=C1c1ccccc1 (Mutation error)
159,CC1CC=C1c1ccccc1 (Mutation error)
159,C1=C(c2ccccc2)C2=CCC12 (Mutation error)
160,C1=CCC(c2ccccc2)=C1 (Mutation error)
160,C1=C2CC1C=C2c1ccccc1 (Mutation error)
161,C1=CCC(c2ccccc2)=C1 (Mutation error)
161,C1=C2C=C(c3ccccc3)C12 (Mutation error)
161,C1=C2C=C(c3ccccc3)C1C2 (Mutation error)
162,C1=C(c2ccccc2)C1 (Mutation error)
162,C1=CCC(c2ccccc2)=C1 (Mutation error)
162,C1=C2C=C(c3ccccc3)C1C2 (Mutation error)
163,C1=C(c2ccccc2)CC1 (Mutation error)
163,C1=C(c2ccccc2)C2=CC12 (Mutation error)
163,CC1(C)C=C1c1ccccc1 (Mutation error)
163,CC1C=C(c2ccccc2)C1 (Mutation error)
164,C1=C(c2ccccc2)C1 (Mutation error)
164,C1=C(c2ccccc2)C2=CC12 (Mutation error)
164,CC1(C)C=C1c1ccccc1 (Mutation error)
164,CC1C=C(c2ccccc2)C1 (Mutation error)
164,CC1=CC=C(c2ccccc2)C1 (Mutation error)
164,C1=C2CC1C=C2c1ccccc1 (Mutation error)
164,CC1=C(c2ccccc2)C1 (Mutation error)
164,CC=C1C=C1c1ccccc1 (Mutation error)
165,C1=C(c2ccccc2)C1 (Mutation error)
166,C1=CCC(c2ccccc2)=C1 (Mutation error)
166,CC1C=C1c1ccccc1 (Mutation error)
166,C=C1C=C(c2ccccc2)C1 (Mutation error)
167,C1=C(c2ccccc2)C1 (Mutation error)
167,C1=C2C=C(c3ccccc3)C12 (Mutation error)
167,CC1(C)C=C1c1ccccc1 (Mutation error)
168,C1=C(c2ccccc2)CC1 (Mutation error)
168,C1=C(c2ccccc2)C2=CC12 (Mutation error)
168,CC1(C)C=C1c1ccccc1 (Mutation error)
168,C=C1C=C(c2ccccc2)C1 (Mutation error)
168,CC12C=C(c3ccccc3)C1=C2 (Mutation error)
169,C1=CCC(c2ccccc2)=C1 (Mutation error)
169,CC1C=C1c1ccccc1 (Mutation error)
169,CC1C=CC(c2ccccc2)=C1 (Mutation error)
169,C1=C(c2ccccc2)CC1 (Mutation error)
169,C1=CCC(c2ccccc2)=CC1 (Mutation error)
169,C1=C2C=C(c3ccccc3)C12 (Mutation error)
169,CC1C=C(c2ccccc2)C1 (Mutation error)
169,CC1=CC=C(c2ccccc2)C1 (Mutation error)
169,CC1=C(c2ccccc2)C1 (Mutation error)
170,C1=CC(c2ccccc2)=CC1 (Mutation error)
170,CC1C=C1c1ccccc1 (Mutation error)
170,CC1(C)C=C1c1ccccc1 (Mutation error)
171,C1=C(c2ccccc2)C1 (Mutation error)
171,C1=CCC(c2ccccc2)=C1 (Mutation error)
171,C1=CC(c2ccccc2)=CC1 (Mutation error)
171,C1=C(c2ccccc2)CC1 (Mutation error)
171,C1=C(c2ccccc2)C2=CC12 (Mutation error)
171,C1=C2C=C(c3ccccc3)C12 (Mutation error)
172,C1=CCC(c2ccccc2)=C1 (Mutation error)
172,C1=CC(c2ccccc2)=CC1 (Mutation error)
172,CC1C=C1c1ccccc1 (Mutation error)
172,C1=CCC(c2ccccc2)=CC1 (Mutation error)
172,CC1(C)C=C1c1ccccc1 (Mutation error)
172,C1=C2C=C(c3ccccc3)C1C2 (Mutation error)
173,C1=C(c2ccccc2)C1 (Mutation error)
173,C1=CC(c2ccccc2)=CC1 (Mutation error)
173,CC1C=CC(c2ccccc2)=C1 (Mutation error)
173,C=C1C=C(c2ccccc2)C1 (Mutation error)
174,C1=C(c2ccccc2)C1 (Mutation error)
174,C1=CC(c2ccccc2)=CC1 (Mutation error)
174,CC1C=CC(c2ccccc2)=C1 (Mutation error)
174,C1=C(c2ccccc2)CC1 (Mutation error)
175,C1=C(c2ccccc2)C1 (Mutation error)
175,C1=CC2C1=C2c1ccccc1 (Mutation error)
175,C1=C(c2ccccc2)CC1 (Mutation error)
175,CC1(C)C=C1c1ccccc1 (Mutation error)
175,C=C1C=C(c2ccccc2)C1 (Mutation error)
176,C1=C(c2ccccc2)C1 (Mutation error)
176,C1=CCC(c2ccccc2)=C1 (Mutation error)
176,C1=CC(c2ccccc2)=CC1 (Mutation error)
176,CC1(C)C=C1c1ccccc1 (Mutation error)
176,CC1C=C(c2ccccc2)C1 (Mutation error)
177,CC1C=C1c1ccccc1 (Mutation error)
177,CC1C=CC(c2ccccc2)=C1 (Mutation error)
177,C1=CC2C1=C2c1ccccc1 (Mutation error)
177,CC1(C)C=C1c1ccccc1 (Mutation error)
177,CC1C=C(c2ccccc2)C1 (Mutation error)
177,C1=C2C=C(c3ccccc3)C1C2 (Mutation error)
178,CC1C=C1c1ccccc1 (Mutation error)
178,CC1C=CC(c2ccccc2)=C1 (Mutation error)
178,C1=C(c2ccccc2)C2=CC12 (Mutation error)
178,CC1(C)C=C1c1ccccc1 (Mutation error)
179,C1=C(c2ccccc2)C1 (Mutation error)
179,C1=CC(c2ccccc2)=CC1 (Mutation error)
179,CC1C=C1c1ccccc1 (Mutation error)
179,C=C1C=C1c1ccccc1 (Mutation error)
179,C1=C(c2ccccc2)CC1 (Mutation error)
179,C=C1C=C(c2ccccc2)C1 (Mutation error)
179,C1=C2C=C(c3ccccc3)C1C2 (Mutation error)
180,C1=C(c2ccccc2)C1 (Mutation error)
180,C1=CC(c2ccccc2)=CC1 (Mutation error)
180,CC1C=C1c1ccccc1 (Mutation error)
180,CC1C=CC=C1c1ccccc1 (Mutation error)
181,C1=CC(c2ccccc2)=CC1 (Mutation error)
181,C1=CCC(c2ccccc2)=C1 (Mutation error)
181,C=C1C=C1c1ccccc1 (Mutation error)
181,C1=CC2C1=C2c1ccccc1 (Mutation error)
181,C1=C(c2ccccc2)CC1 (Mutation error)
181,C1=C(c2ccccc2)C2=CC12 (Mutation error)
181,C1=C2C=C(c3ccccc3)C12 (Mutation error)
181,CC1C=C(c2ccccc2)C1 (Mutation error)
181,C1=C2CC1C=C2c1ccccc1 (Mutation error)
182,C1=CCC(c2ccccc2)=C1 (Mutation error)
182,C=C1C=C1c1ccccc1 (Mutation error)
182,CC1C=C1c1ccccc1 (Mutation error)
182,CC1C=CC=C1c1ccccc1 (Mutation error)
182,C1=C2C=C(c3ccccc3)C12 (Mutation error)
183,CC1C=C1c1ccccc1 (Mutation error)
183,CC1C=CC=C1c1ccccc1 (Mutation error)
183,C1=C(c2ccccc2)CC1 (Mutation error)
183,C1=C(c2ccccc2)C2=CC12 (Mutation error)
184,C1=C(c2ccccc2)C1 (Mutation error)
184,C=C1C=C1c1ccccc1 (Mutation error)
184,CC1C=CC(c2ccccc2)=C1 (Mutation error)
184,CC1C=CC=C1c1ccccc1 (Mutation error)
184,C1=CC2C1=C2c1ccccc1 (Mutation error)
184,C1=C(c2ccccc2)CC1 (Mutation error)
184,C1=C2C=C(c3ccccc3)C12 (Mutation error)
184,CC1(C)C=C1c1ccccc1 (Mutation error)
184,CC1C=C(c2ccccc2)C1 (Mutation error)
184,C=C1C=C(c2ccccc2)C1 (Mutation error)
185,C1=C(c2ccccc2)C1 (Mutation error)
185,C1=CC(c2ccccc2)=CC1 (Mutation error)
185,CC1C=C1c1ccccc1 (Mutation error)
185,C1=C(c2ccccc2)CC1 (Mutation error)
185,C1=CCC(c2ccccc2)=CC1 (Mutation error)
185,C1=C2C=C(c3ccccc3)C12 (Mutation error)
185,CC1C=C(c2ccccc2)C1 (Mutation error)
185,C=C1C=C(c2ccccc2)C1 (Mutation error)
185,CC12C=C1C=C2c1ccccc1 (Mutation error)
186,C1=C(c2ccccc2)C1 (Mutation error)
186,CC1C=C1c1ccccc1 (Mutation error)
186,C1=C(c2ccccc2)CC1 (Mutation error)
186,C1=CCCC(c2ccccc2)=C1 (Mutation error)
186,C1=CCC(c2ccccc2)=CC1 (Mutation error)
187,C1=CCC(c2ccccc2)=C1 (Mutation error)
187,C=C1C=C1c1ccccc1 (Mutation error)
187,CC1C=C1c1ccccc1 (Mutation error)
187,C1=CC2C1=C2c1ccccc1 (Mutation error)
187,C1=C(c2ccccc2)CC1 (Mutation error)
187,C1=CCC(c2ccccc2)=CC1 (Mutation error)
187,C1=CC=C(c2ccccc2)CC=1 (Mutation error)
187,C1=C(c2ccccc2)C2=CC12 (Mutation error)
188,C1=C(c2ccccc2)C1 (Mutation error)
188,C=C1C=C1c1ccccc1 (Mutation error)
188,C1=C(c2ccccc2)CC1 (Mutation error)
188,C1=CC=C(c2ccccc2)CC=1 (Mutation error)
189,C1=CC(c2ccccc2)=CC1 (Mutation error)
189,CC1C=C1c1ccccc1 (Mutation error)
190,C1=CC2C1=C2c1ccccc1 (Mutation error)
190,C1=C(c2ccccc2)CC1 (Mutation error)
190,C1=CCC(c2ccccc2)=CC1 (Mutation error)
190,C1=C(c2ccccc2)C2=CC12 (Mutation error)
190,C1=C2C=C(c3ccccc3)C12 (Mutation error)
191,C1=C(c2ccccc2)C1 (Mutation error)
191,C1=CC(c2ccccc2)=CC1 (Mutation error)
191,C1=CCC(c2ccccc2)=C1 (Mutation error)
191,CC1C=CC=C1c1ccccc1 (Mutation error)
191,C1=C(c2ccccc2)CC1 (Mutation error)
191,C1=CCC(c2ccccc2)=CC1 (Mutation error)
191,C1=CC=C(c2ccccc2)CC=1 (Mutation error)
191,C1=CCCC(c2ccccc2)=C1 (Mutation error)
191,C1=C(c2ccccc2)C2=CC12 (Mutation error)
191,CC1(C)C=C1c1ccccc1 (Mutation error)
191,CC1C=CCC=C1c1ccccc1 (Mutation error)
192,C1=C(c2ccccc2)C1 (Mutation error)
192,C1=CCC(c2ccccc2)=C1 (Mutation error)
192,C1=CC(c2ccccc2)=CC1 (Mutation error)
192,C1=CC=C(c2ccccc2)C=1 (Mutation error)
192,CC1C=CC=C1c1ccccc1 (Mutation error)
192,CC1C=CC(c2ccccc2)=C1 (Mutation error)
192,C1=CC2C1=C2c1ccccc1 (Mutation error)
192,C1=CC=C(c2ccccc2)CC=1 (Mutation error)
192,CCC1C=CC(c2ccccc2)=C1 (Mutation error)
192,CCC1C=CC=C1c1ccccc1 (Mutation error)
192,CC1C=C(c2ccccc2)C1 (Mutation error)
193,C1=C(c2ccccc2)C1 (Mutation error)
193,C1=CC(c2ccccc2)=CC1 (Mutation error)
193,CC1C=C1c1ccccc1 (Mutation error)
193,CC1C=CC=C1c1ccccc1 (Mutation error)
193,C1=CC=C(c2ccccc2)CC=1 (Mutation error)
193,C1=C2C=C(c3ccccc3)C12 (Mutation error)
193,CC1(C)C=C1c1ccccc1 (Mutation error)
193,CCC1C=CC=C1c1ccccc1 (Mutation error)
194,C1=CCC(c2ccccc2)=C1 (Mutation error)
194,C1=CC=C(c2ccccc2)C=1 (Mutation error)
194,CC1C=C1c1ccccc1 (Mutation error)
194,C=C1C=C1c1ccccc1 (Mutation error)
194,C1=C(c2ccccc2)CC1 (Mutation error)
194,C1=C(c2ccccc2)C2=CC12 (Mutation error)
194,C1=C2C=C(c3ccccc3)C12 (Mutation error)
194,CC1(C)C=C1c1ccccc1 (Mutation error)
195,C1=CC(c2ccccc2)=CC1 (Mutation error)
195,C=C1C=C1c1ccccc1 (Mutation error)
195,C1=CCC(c2ccccc2)=CC1 (Mutation error)
195,C1=CCCC(c2ccccc2)=C1 (Mutation error)
195,C1=CC=C(c2ccccc2)CC=1 (Mutation error)
195,C1=C2C=C(c3ccccc3)C12 (Mutation error)
196,C1=C(c2ccccc2)C1 (Mutation error)
196,C1=CCC(c2ccccc2)=C1 (Mutation error)
196,C1=CC=C(c2ccccc2)C=1 (Mutation error)
196,C=C1C=C1c1ccccc1 (Mutation error)
196,CC1C=C1c1ccccc1 (Mutation error)
196,CC1C=CC(c2ccccc2)=C1 (Mutation error)
197,C1=CCC(c2ccccc2)=C1 (Mutation error)
197,CC1C=C1c1ccccc1 (Mutation error)
197,C1=C(c2ccccc2)CC1 (Mutation error)
197,C1=CCC(c2ccccc2)=CC1 (Mutation error)
197,C1=CCCC(c2ccccc2)=C1 (Mutation error)
198,C1=C(c2ccccc2)C1 (Mutation error)
198,C1=CC=C(c2ccccc2)C=1 (Mutation error)
198,C1=CCC(c2ccccc2)=C1 (Mutation error)
198,C=C1C=C1c1ccccc1 (Mutation error)
198,CC1C=C1c1ccccc1 (Mutation error)
198,CC1C=CC=C1c1ccccc1 (Mutation error)
198,C1=CC2C1=C2c1ccccc1 (Mutation error)
198,C1=C2C=C(c3ccccc3)C12 (Mutation error)
198,CC1(C)C=C1c1ccccc1 (Mutation error)
198,CC1C=CCC=C1c1ccccc1 (Mutation error)
199,C1=C(c2ccccc2)C1 (Mutation error)
199,C1=CC=C(c2ccccc2)C=1 (Mutation error)
199,CC1C=C1c1ccccc1 (Mutation error)
199,CC1C=CC(c2ccccc2)=C1 (Mutation error)
199,C1=CC2C1=C2c1ccccc1 (Mutation error)
199,C1=C(c2ccccc2)CC1 (Mutation error)
199,C1#CC(c2ccccc2)=C1 (Mutation error)
200,C1=C(c2ccccc2)C1 (Mutation error)
200,C1=CC(c2ccccc2)=CC1 (Mutation error)
200,C1=CCC(c2ccccc2)=C1 (Mutation error)
200,CC1C=C1c1ccccc1 (Mutation error)
200,C=C1C=C1c1ccccc1 (Mutation error)
200,C1=CCC(c2ccccc2)=CC1 (Mutation error)
200,C1=CC(c2ccccc2)=CCC1 (Mutation error)
200,C1=CC=C(c2ccccc2)CC=1 (Mutation error)
200,C1=CCCC(c2ccccc2)=C1 (Mutation error)
200,C1=C(c2ccccc2)C2=CC12 (Mutation error)
200,CCC1C=CC(c2ccccc2)=C1 (Mutation error)
201,C1=C(c2ccccc2)C1 (Mutation error)
201,C1=CC=C(c2ccccc2)C=1 (Mutation error)
201,C1#CC(c2ccccc2)=C1 (Mutation error)
201,C1=CCC(c2ccccc2)=CC1 (Mutation error)
202,C1=C(c2ccccc2)C1 (Mutation error)
202,C1=CC=C(c2ccccc2)C=1 (Mutation error)
202,C=C1C=C1c1ccccc1 (Mutation error)
202,CC1C=C1c1ccccc1 (Mutation error)
202,CC1C=CC=C1c1ccccc1 (Mutation error)
202,CC1C=CC(c2ccccc2)=C1 (Mutation error)
202,C1=CC2C1=C2c1ccccc1 (Mutation error)
202,C1=CC(c2ccccc2)=CCC1 (Mutation error)
202,C1=C(c2ccccc2)C2=CC12 (Mutation error)
202,CC1(C)C=C1c1ccccc1 (Mutation error)
203,C=C1C=C1c1ccccc1 (Mutation error)
203,CC1C=C1c1ccccc1 (Mutation error)
203,CC1C=CC=C1c1ccccc1 (Mutation error)
203,C1=C(c2ccccc2)CC1 (Mutation error)
203,C1#CC(c2ccccc2)=C1 (Mutation error)
203,C1=CC(c2ccccc2)=CCC1 (Mutation error)
204,C1=CC(c2ccccc2)=C1 (Mutation error)
204,C1=C(c2ccccc2)C1 (Mutation error)
204,C1=CCC(c2ccccc2)=C1 (Mutation error)
204,C=C1C=C1c1ccccc1 (Mutation error)
204,CC1C=C1c1ccccc1 (Mutation error)
204,C1=CC2C1=C2c1ccccc1 (Mutation error)
204,C1=CCC(c2ccccc2)=CC1 (Mutation error)
205,C1=CC(c2ccccc2)=C1 (Mutation error)
205,C1=CC(c2ccccc2)=CC1 (Mutation error)
205,C1=CC=C(c2ccccc2)C=1 (Mutation error)
205,C=C1C=C1c1ccccc1 (Mutation error)
205,C1=C(c2ccccc2)CC1 (Mutation error)
206,C1=C(c2ccccc2)C1 (Mutation error)
206,CC1C=C1c1ccccc1 (Mutation error)
206,CC1C=CC(c2ccccc2)=C1 (Mutation error)
206,C1=C(c2ccccc2)CC1 (Mutation error)
206,C1#CC(c2ccccc2)=C1 (Mutation error)
206,C1=CCC(c2ccccc2)=CC1 (Mutation error)
207,C1=C(c2ccccc2)C1 (Mutation error)
207,C1=CCC(c2ccccc2)=C1 (Mutation error)
207,C1=CC=C(c2ccccc2)C=1 (Mutation error)
207,CC1C=C1c1ccccc1 (Mutation error)
207,CC1C=CC=C1c1ccccc1 (Mutation error)
207,C1=CCC(c2ccccc2)=CC1 (Mutation error)
207,C1=CC(c2ccccc2)=CCC1 (Mutation error)
208,C1=C(c2ccccc2)C1 (Mutation error)
208,C=C1C=C1c1ccccc1 (Mutation error)
208,CC1C=CC=C1c1ccccc1 (Mutation error)
208,C1#CC(c2ccccc2)=C1 (Mutation error)
208,C1=C(c2ccccc2)CC1 (Mutation error)
209,C1=CC(c2ccccc2)=C1 (Mutation error)
209,C1=C(c2ccccc2)C1 (Mutation error)
209,C1=CC(c2ccccc2)=CC1 (Mutation error)
209,C1=CCC(c2ccccc2)=C1 (Mutation error)
209,CC1C=C1c1ccccc1 (Mutation error)
209,C1=CC2C1=C2c1ccccc1 (Mutation error)
209,C1=C(c2ccccc2)CC1 (Mutation error)
209,C1=CCCC(c2ccccc2)=C1 (Mutation error)
209,C1=CC=C(c2ccccc2)CC=1 (Mutation error)
210,C1=CCC(c2ccccc2)=C1 (Mutation error)
210,C1=CC=C(c2ccccc2)C=1 (Mutation error)
210,C=C1C=C1c1ccccc1 (Mutation error)
210,CC1=C(c2ccccc2)C=C1 (Mutation error)
210,C1=CC2C1=C2c1ccccc1 (Mutation error)
210,C1#CC(c2ccccc2)=C1 (Mutation error)
210,C1=C(c2ccccc2)CC1 (Mutation error)
210,C1=CC(c2ccccc2)=CCC1 (Mutation error)
211,C1=C(c2ccccc2)C1 (Mutation error)
211,C1=CC(c2ccccc2)=CC1 (Mutation error)
211,C1=CCC(c2ccccc2)=C1 (Mutation error)
211,C=C1C=C1c1ccccc1 (Mutation error)
211,CC1C=C1c1ccccc1 (Mutation error)
211,CC1C=CC(c2ccccc2)=C1 (Mutation error)
211,CC1=C(c2ccccc2)C=C1 (Mutation error)
211,C1=CCCC(c2ccccc2)=C1 (Mutation error)
211,C1=C(c2ccccc2)C2=CC12 (Mutation error)
212,C1=C(c2ccccc2)C1 (Mutation error)
212,CC1C=C1c1ccccc1 (Mutation error)
212,CC1C=CC=C1c1ccccc1 (Mutation error)
212,C1=CC2C1=C2c1ccccc1 (Mutation error)
212,C1#CC(c2ccccc2)=C1 (Mutation error)
212,C1=CCCC(c2ccccc2)=C1 (Mutation error)
213,C1=CC(c2ccccc2)=C1 (Mutation error)
213,C1=C(c2ccccc2)C1 (Mutation error)
213,C1=CCC(c2ccccc2)=C1 (Mutation error)
213,C1=CC(c2ccccc2)=CC1 (Mutation error)
213,C1=CC=C(c2ccccc2)C=1 (Mutation error)
213,CC1C=C1c1ccccc1 (Mutation error)
213,C1=CC2C1=C2c1ccccc1 (Mutation error)
213,C1#CC(c2ccccc2)=C1 (Mutation error)
213,C1=C2C=C(c3ccccc3)C12 (Mutation error)
213,C1=C(c2ccccc2)C2=CC12 (Mutation error)
214,C1=C(c2ccccc2)C1 (Mutation error)
214,C1=CC(c2ccccc2)=CC1 (Mutation error)
214,C1=CCC(c2ccccc2)=C1 (Mutation error)
214,CC1C=C1c1ccccc1 (Mutation error)
214,CC1C=CC=C1c1ccccc1 (Mutation error)
214,C1=CC=C(c2ccccc2)CC=1 (Mutation error)
215,C1=C(c2ccccc2)C1 (Mutation error)
215,C1=CC=C(c2ccccc2)C=1 (Mutation error)
215,C1=CCC(c2ccccc2)=C1 (Mutation error)
215,C=C1C=C1c1ccccc1 (Mutation error)
215,CC1C=C1c1ccccc1 (Mutation error)
215,C1=CC2C1=C2c1ccccc1 (Mutation error)
215,C1=CCC=1c1ccccc1 (Mutation error)
215,C1=C(c2ccccc2)CC1 (Mutation error)
215,C1=CC=C(c2ccccc2)CC=1 (Mutation error)
216,C1=C(c2ccccc2)C1 (Mutation error)
216,CC1C=C1c1ccccc1 (Mutation error)
216,C=C1C=C1c1ccccc1 (Mutation error)
216,CC1C=CC(c2ccccc2)=C1 (Mutation error)
216,CC1=C(c2ccccc2)C=C1 (Mutation error)
216,C1=CC2C1=C2c1ccccc1 (Mutation error)
216,C1=C(c2ccccc2)CC1 (Mutation error)
216,C1=CC(c2ccccc2)=CCC1 (Mutation error)
216,C1=CCC(c2ccccc2)=CC1 (Mutation error)
216,C1=C(c2ccccc2)C2=CC12 (Mutation error)
217,C1=CC(c2ccccc2)=C1 (Mutation error)
217,C1=CCC(c2ccccc2)=C1 (Mutation error)
217,C1=CC(c2ccccc2)=CC1 (Mutation error)
217,C1=CC=C(c2ccccc2)C=1 (Mutation error)
217,CC1C=CC=C1c1ccccc1 (Mutation error)
217,C1=CCC=1c1ccccc1 (Mutation error)
217,C1=CCC(c2ccccc2)=CC1 (Mutation error)
217,C1=CC=C(c2ccccc2)CC=1 (Mutation error)
218,C1=C(c2ccccc2)C1 (Mutation error)
218,C1=CC(c2ccccc2)=CC1 (Mutation error)
218,CC1C=CC(c2ccccc2)=C1 (Mutation error)
218,C1=CC2C1=C2c1ccccc1 (Mutation error)
218,C1=C(c2ccccc2)CC1 (Mutation error)
218,C1=CCC(c2ccccc2)=CC1 (Mutation error)
219,C1=C(c2ccccc2)C1 (Mutation error)
219,C1=CC(c2ccccc2)=CC1 (Mutation error)
219,C=C1C=C1c1ccccc1 (Mutation error)
219,C1#CC(c2ccccc2)=C1 (Mutation error)
219,C1=CCC=1c1ccccc1 (Mutation error)
220,C1=CCC(c2ccccc2)=C1 (Mutation error)
220,CC1C=C1c1ccccc1 (Mutation error)
220,CC1C=CC(c2ccccc2)=C1 (Mutation error)
220,CC1=C(c2ccccc2)C=C1 (Mutation error)
220,C1=C(c2ccccc2)CC1 (Mutation error)
220,C1#CC(c2ccccc2)=C1 (Mutation error)
221,C1=CC(c2ccccc2)=C1 (Mutation error)
221,C1=C(c2ccccc2)C1 (Mutation error)
221,C1=CC(c2ccccc2)=CC1 (Mutation error)
221,C1=CCC(c2ccccc2)=C1 (Mutation error)
221,CC1C=CC(c2ccccc2)=C1 (Mutation error)
221,CC1C=CC=C1c1ccccc1 (Mutation error)
221,CC1=C(c2ccccc2)C=C1 (Mutation error)
221,C1=C(c2ccccc2)CC1 (Mutation error)
221,C1=CCCC(c2ccccc2)=C1 (Mutation error)
222,C1=C(c2ccccc2)C1 (Mutation error)
222,C1=CCC(c2ccccc2)=C1 (Mutation error)
222,C1=CC(c2ccccc2)=CC1 (Mutation error)
222,CC1C=C1c1ccccc1 (Mutation error)
222,CC1=C(c2ccccc2)C=C1 (Mutation error)
222,C1=CC2C1=C2c1ccccc1 (Mutation error)
222,C1=C(c2ccccc2)CC1 (Mutation error)
222,C1=CC(c2ccccc2)=CCC1 (Mutation error)
222,C1=CCC(c2ccccc2)=CC1 (Mutation error)
222,C1=CC=C(c2ccccc2)CC=1 (Mutation error)
222,C1=C(c2ccccc2)C2=CC12 (Mutation error)
223,C1=C(c2ccccc2)C1 (Mutation error)
223,C1=CC=C(c2ccccc2)C=1 (Mutation error)
223,C1=CC(c2ccccc2)=CC1 (Mutation error)
223,C=C1C=C1c1ccccc1 (Mutation error)
223,CC1C=C1c1ccccc1 (Mutation error)
223,C1=C(c2ccccc2)CC1 (Mutation error)
224,C1=CC(c2ccccc2)=C1 (Mutation error)
224,C1=C(c2ccccc2)C1 (Mutation error)
224,C1=CC=CC=1c1ccccc1 (Mutation error)
224,C1=CC(c2ccccc2)=CC1 (Mutation error)
224,C=C1C=C1c1ccccc1 (Mutation error)
224,CC1C=C1c1ccccc1 (Mutation error)
224,CC1C=CC(c2ccccc2)=C1 (Mutation error)
224,C1=CC2C1=C2c1ccccc1 (Mutation error)
224,C1=C(c2ccccc2)CC1 (Mutation error)
224,C1=CCC=1c1ccccc1 (Mutation error)
224,C1=CC=C(c2ccccc2)CC=1 (Mutation error)
224,C1=CC(c2ccccc2)=CCC1 (Mutation error)
224,C1=CCCC(c2ccccc2)=C1 (Mutation error)
224,CC1(C)C=C1c1ccccc1 (Mutation error)
225,C1=CC(c2ccccc2)=C1 (Mutation error)
225,C1=C(c2ccccc2)C1 (Mutation error)
225,C1=CC=C(c2ccccc2)C=1 (Mutation error)
225,C1=CC(c2ccccc2)=CC1 (Mutation error)
225,C1=CCC(c2ccccc2)=C1 (Mutation error)
225,CC1C=C1c1ccccc1 (Mutation error)
225,C=C1C=C1c1ccccc1 (Mutation error)
225,CC1C=CC(c2ccccc2)=C1 (Mutation error)
225,C1#CC(c2ccccc2)=C1 (Mutation error)
225,C1=C(c2ccccc2)CC1 (Mutation error)
225,C1=CC(c2ccccc2)=CCC1 (Mutation error)
225,C1=C2C=C(c3ccccc3)C12 (Mutation error)
225,C1=C(c2ccccc2)C2=CC12 (Mutation error)
226,C1=C(c2ccccc2)C1 (Mutation error)
226,C1=CC=C(c2ccccc2)C=1 (Mutation error)
226,CC1C=C1c1ccccc1 (Mutation error)
226,C=C1C=C1c1ccccc1 (Mutation error)
226,CC1C=CC=C1c1ccccc1 (Mutation error)
226,C1#CC(c2ccccc2)=C1 (Mutation error)
227,C1=CC(c2ccccc2)=C1 (Mutation error)
227,C1=CC=CC=1c1ccccc1 (Mutation error)
227,C1=CC=C(c2ccccc2)C=1 (Mutation error)
227,C1=CC(c2ccccc2)=CC1 (Mutation error)
227,C=C1C=C1c1ccccc1 (Mutation error)
227,CC1C=C1c1ccccc1 (Mutation error)
227,C1=CC2C1=C2c1ccccc1 (Mutation error)
227,C1#CC(c2ccccc2)=C1 (Mutation error)
227,C1=CCC=1c1ccccc1 (Mutation error)
227,C1=C(c2ccccc2)CC1 (Mutation error)
227,C1=CC(c2ccccc2)=CCC1 (Mutation error)
227,C1=C2C=C(c3ccccc3)C12 (Mutation error)
227,C1=C(c2ccccc2)C2=CC12 (Mutation error)
227,CC1(C)C=C1c1ccccc1 (Mutation error)
228,C1=CC(c2ccccc2)=C1 (Mutation error)
228,C1=C(c2ccccc2)C1 (Mutation error)
228,C1=CC=C(c2ccccc2)C=1 (Mutation error)
228,CC1C=C1c1ccccc1 (Mutation error)
228,C=C1C=C1c1ccccc1 (Mutation error)
228,CC1=C(c2ccccc2)C=C1 (Mutation error)
228,C1=CCC=1c1ccccc1 (Mutation error)
228,C1=C(c2ccccc2)CC1 (Mutation error)
228,C1#CC(c2ccccc2)=C1 (Mutation error)
228,C1=CC=C(c2ccccc2)CC=1 (Mutation error)
228,C1=CC(c2ccccc2)=CCC1 (Mutation error)
228,C1=CCCC(c2ccccc2)=C1 (Mutation error)
228,C1=C2C=C(c3ccccc3)C12 (Mutation error)
228,CC1(C)C=C1c1ccccc1 (Mutation error)
229,C1=C(c2ccccc2)C1 (Mutation error)
229,C1=CC=C(c2ccccc2)C=1 (Mutation error)
229,C1=CC=CC=1c1ccccc1 (Mutation error)
229,CC1C=C1c1ccccc1 (Mutation error)
229,C=C1C=C1c1ccccc1 (Mutation error)
229,CC1C=CC(c2ccccc2)=C1 (Mutation error)
229,CC1C=CC=C1c1ccccc1 (Mutation error)
229,C1#CC(c2ccccc2)=C1 (Mutation error)
229,C1=C(c2ccccc2)CC1 (Mutation error)
229,C1=CCC=1c1ccccc1 (Mutation error)
229,C1=CCC(c2ccccc2)=CC1 (Mutation error)
229,C1=CCCC(c2ccccc2)=C1 (Mutation error)
229,C1=C(c2ccccc2)C2=CC12 (Mutation error)
229,C1=C2C=C(c3ccccc3)C12 (Mutation error)
229,CC1(C)C=C1c1ccccc1 (Mutation error)
229,CC12C=CC1=C2c1ccccc1 (Mutation error)
229,CC1C=CCC=C1c1ccccc1 (Mutation error)
230,C1=CC(c2ccccc2)=C1 (Mutation error)
230,C1=C(c2ccccc2)C1 (Mutation error)
230,C1=CC=C(c2ccccc2)C=1 (Mutation error)
230,C1=CC=CC=1c1ccccc1 (Mutation error)
230,C1=CC(c2ccccc2)=CC1 (Mutation error)
230,CC1C=C1c1ccccc1 (Mutation error)
230,CC1C=CC(c2ccccc2)=C1 (Mutation error)
230,C1=CC2C1=C2c1ccccc1 (Mutation error)
230,C1=CCCC(c2ccccc2)=C1 (Mutation error)
231,C1=CC(c2ccccc2)=C1 (Mutation error)
231,C1=C(c2ccccc2)C1 (Mutation error)
231,C1=CC=CC=1c1ccccc1 (Mutation error)
231,C1=CC(c2ccccc2)=CC1 (Mutation error)
231,C1=CCC(c2ccccc2)=C1 (Mutation error)
231,CC1C=C1c1ccccc1 (Mutation error)
231,CC1C=CC=C1c1ccccc1 (Mutation error)
231,C1#CC(c2ccccc2)=C1 (Mutation error)
231,C1=C(c2ccccc2)CC1 (Mutation error)
231,C1=CC(c2ccccc2)=CCC1 (Mutation error)
231,C1=CC=C(c2ccccc2)CC=1 (Mutation error)
231,C1=CCCC(c2ccccc2)=C1 (Mutation error)
231,C1=C(c2ccccc2)C2=CC12 (Mutation error)
231,CC1(C)C=C1c1ccccc1 (Mutation error)
231,CC1(C)C=CC=C1c1ccccc1 (Mutation error)
231,CC12C=CC1=C2c1ccccc1 (Mutation error)
232,C1=CC(c2ccccc2)=C1 (Mutation error)
232,C1=C(c2ccccc2)C1 (Mutation error)
232,C1=CCC(c2ccccc2)=C1 (Mutation error)
232,C1=CC(c2ccccc2)=CC1 (Mutation error)
232,C=C1C=C1c1ccccc1 (Mutation error)
232,CC1C=C1c1ccccc1 (Mutation error)
232,C1=CC2C1=C2c1ccccc1 (Mutation error)
232,CC1=C(c2ccccc2)C=C1 (Mutation error)
232,C1=C(c2ccccc2)CC1 (Mutation error)
232,C1#CC(c2ccccc2)=C1 (Mutation error)
232,C1=CC(c2ccccc2)=CCC1 (Mutation error)
232,C1=CC=C(c2ccccc2)CC=1 (Mutation error)
232,C1=C2C=C(c3ccccc3)C12 (Mutation error)
232,CC1(C)C=C1c1ccccc1 (Mutation error)
232,CC1(C)C=CC=C1c1ccccc1 (Mutation error)
232,CC12C=CC1=C2c1ccccc1 (Mutation error)
233,C1=CC(c2ccccc2)=C1 (Mutation error)
233,C1=CC=1c1ccccc1 (Mutation error)
233,C1=C(c2ccccc2)C1 (Mutation error)
233,C1=CC(c2ccccc2)=CC1 (Mutation error)
233,C1=CC=CC=1c1ccccc1 (Mutation error)
233,C1=CC=C(c2ccccc2)C=1 (Mutation error)
233,C=C1C=C1c1ccccc1 (Mutation error)
233,CC1=C(c2ccccc2)C=C1 (Mutation error)
233,C1=CC2C1=C2c1ccccc1 (Mutation error)
233,C1=CCC=1c1ccccc1 (Mutation error)
233,C1#CC(c2ccccc2)=C1 (Mutation error)
233,C1=CC(c2ccccc2)=CCC1 (Mutation error)
233,C1=C(c2ccccc2)C2=CC12 (Mutation error)
233,C1=C2C=C(c3ccccc3)C12 (Mutation error)
233,CC1(C)C=C1c1ccccc1 (Mutation error)
234,C1=CC=1c1ccccc1 (Mutation error)
234,CC1C=C1c1ccccc1 (Mutation error)
234,CC1C=CC=C1c1ccccc1 (Mutation error)
234,CC1=C(c2ccccc2)C=C1 (Mutation error)
234,C1=C(c2ccccc2)CC1 (Mutation error)
234,C1#CC(c2ccccc2)=C1 (Mutation error)
234,C1=CCC=1c1ccccc1 (Mutation error)
235,C1=CC=1c1ccccc1 (Mutation error)
235,C1=C(c2ccccc2)C1 (Mutation error)
235,C1=CC(c2ccccc2)=CC1 (Mutation error)
235,C1=CC=CC=1c1ccccc1 (Mutation error)
235,C1=CC=C(c2ccccc2)C=1 (Mutation error)
235,C1=CCC(c2ccccc2)=C1 (Mutation error)
235,CC1C=C1c1ccccc1 (Mutation error)
235,CC1=C(c2ccccc2)C=C1 (Mutation error)
235,C1=C(c2ccccc2)CC1 (Mutation error)
235,C1=CCC=1c1ccccc1 (Mutation error)
235,C1#CC(c2ccccc2)=C1 (Mutation error)
235,C1=CCC(c2ccccc2)=CC1 (Mutation error)
235,C1=CCCC(c2ccccc2)=C1 (Mutation error)
235,C1=CC(c2ccccc2)=CCC1 (Mutation error)
235,C1=C(c2ccccc2)C2=CC12 (Mutation error)
235,C1=C2C=C(c3ccccc3)C12 (Mutation error)
235,CC1(C)C=C1c1ccccc1 (Mutation error)
235,CC1(C)C=CC=C1c1ccccc1 (Mutation error)
235,CC1C=CCC(c2ccccc2)=C1 (Mutation error)
235,CCC1C=CC=C1c1ccccc1 (Mutation error)
236,C1=CC=1c1ccccc1 (Mutation error)
236,C1=CC=C(c2ccccc2)C=1 (Mutation error)
236,C1=CCC(c2ccccc2)=C1 (Mutation error)
236,CC1C=C1c1ccccc1 (Mutation error)
236,CC1C=CC=C1c1ccccc1 (Mutation error)
236,CC1=CC=C1c1ccccc1 (Mutation error)
236,CC1=C(c2ccccc2)C=C1 (Mutation error)
236,C1=C(c2ccccc2)CC1 (Mutation error)
236,C1=CCC=1c1ccccc1 (Mutation error)
237,C1=CC(c2ccccc2)=C1 (Mutation error)
237,C1=CC=1c1ccccc1 (Mutation error)
237,C1=C(c2ccccc2)C1 (Mutation error)
237,C1=CC=CC=1c1ccccc1 (Mutation error)
237,C1=CC(c2ccccc2)=CC1 (Mutation error)
237,C1=CCC(c2ccccc2)=C1 (Mutation error)
237,C=C1C=C1c1ccccc1 (Mutation error)
237,CC1C=CC(c2ccccc2)=C1 (Mutation error)
237,CC1C=CC=C1c1ccccc1 (Mutation error)
237,CC1=CC=C1c1ccccc1 (Mutation error)
237,C1=CCC=1c1ccccc1 (Mutation error)
237,C1=C(c2ccccc2)CC1 (Mutation error)
237,C1#CC(c2ccccc2)=C1 (Mutation error)
237,C1=CCC(c2ccccc2)=CC1 (Mutation error)
237,C1=CC=C(c2ccccc2)CC=1 (Mutation error)
237,C1=C(c2ccccc2)C2=CC12 (Mutation error)
237,CC1(C)C=C1c1ccccc1 (Mutation error)
238,C1=CC(c2ccccc2)=C1 (Mutation error)
238,C1=CC=1c1ccccc1 (Mutation error)
238,C1=C(c2ccccc2)C1 (Mutation error)
238,C1=CC(c2ccccc2)=CC1 (Mutation error)
238,C1=CCC(c2ccccc2)=C1 (Mutation error)
238,CC1C=C1c1ccccc1 (Mutation error)
238,CC1C=CC=C1c1ccccc1 (Mutation error)
238,C1#CC(c2ccccc2)=C1 (Mutation error)
238,C1=C(c2ccccc2)CC1 (Mutation error)
238,C1=CCCC(c2ccccc2)=C1 (Mutation error)
239,C1=C(c2ccccc2)C1 (Mutation error)
239,C1=CC=C(c2ccccc2)C=1 (Mutation error)
239,C1=CC=CC=1c1ccccc1 (Mutation error)
239,C1=CCC(c2ccccc2)=C1 (Mutation error)
239,C1=CC(c2ccccc2)=CC1 (Mutation error)
239,CC1C=C1c1ccccc1 (Mutation error)
239,CC1C=CC=C1c1ccccc1 (Mutation error)
239,CC1=CC=C1c1ccccc1 (Mutation error)
239,C1#CC(c2ccccc2)=C1 (Mutation error)
239,C1=C(c2ccccc2)CC1 (Mutation error)
239,C1=CC=C(c2ccccc2)CC=1 (Mutation error)
239,C1=CC(c2ccccc2)=CCC1 (Mutation error)
239,C1=CCC(c2ccccc2)=CC1 (Mutation error)
239,C1=CCCC(c2ccccc2)=C1 (Mutation error)
239,C1=C2C=C(c3ccccc3)C12 (Mutation error)
239,C1=C(c2ccccc2)C2=CC12 (Mutation error)
240,C1=CC(c2ccccc2)=C1 (Mutation error)
240,C1=C(c2ccccc2)C1 (Mutation error)
240,C1=CC=1c1ccccc1 (Mutation error)
240,C1=CC(c2ccccc2)=CC1 (Mutation error)
240,C1=CC=C(c2ccccc2)C=1 (Mutation error)
240,CC1C=C1c1ccccc1 (Mutation error)
240,CC1C=CC(c2ccccc2)=C1 (Mutation error)
240,C1=CC2C1=C2c1ccccc1 (Mutation error)
240,CC1=CC=C1c1ccccc1 (Mutation error)
240,CC1=C(c2ccccc2)C=C1 (Mutation error)
240,C1#CC(c2ccccc2)=C1 (Mutation error)
240,C1=CCC=1c1ccccc1 (Mutation error)
240,C1=CC(c2ccccc2)=CCC1 (Mutation error)
240,C1=CCC(c2ccccc2)=CC1 (Mutation error)
240,C1=C(c2ccccc2)C2=CC12 (Mutation error)
240,CC1(C)C=C1c1ccccc1 (Mutation error)
241,C1=C(c2ccccc2)C1 (Mutation error)
241,C1=CC=1c1ccccc1 (Mutation error)
241,C1=CC(c2ccccc2)=CC1 (Mutation error)
241,C1=CC=CC=1c1ccccc1 (Mutation error)
241,C1=CC=C(c2ccccc2)C=1 (Mutation error)
241,CC1C=C1c1ccccc1 (Mutation error)
241,C=C1C=C1c1ccccc1 (Mutation error)
241,CC1C=CC=C1c1ccccc1 (Mutation error)
241,CC1C=CC(c2ccccc2)=C1 (Mutation error)
241,C1=CC2C1=C2c1ccccc1 (Mutation error)
241,C1=C(c2ccccc2)CC1 (Mutation error)
241,C1=CCC=1c1ccccc1 (Mutation error)
241,C1#CC(c2ccccc2)=C1 (Mutation error)
241,C1=CC=C(c2ccccc2)CC=1 (Mutation error)
241,C1=CCCC(c2ccccc2)=C1 (Mutation error)
241,C1=C(c2ccccc2)C2=CC12 (Mutation error)
241,C1=C2C=C(c3ccccc3)C12 (Mutation error)
241,CC1(C)C=C1c1ccccc1 (Mutation error)
242,C1=CC=1c1ccccc1 (Mutation error)
242,C1=C(c2ccccc2)C1 (Mutation error)
242,C1=CC(c2ccccc2)=CC1 (Mutation error)
242,C1=CCC(c2ccccc2)=C1 (Mutation error)
242,C1=CC=CC=1c1ccccc1 (Mutation error)
242,C=C1C=C1c1ccccc1 (Mutation error)
242,CC1C=C1c1ccccc1 (Mutation error)
242,CC1C=CC(c2ccccc2)=C1 (Mutation error)
242,CC1=CC=C1c1ccccc1 (Mutation error)
242,C1=C(c2ccccc2)CC1 (Mutation error)
242,C1#CC(c2ccccc2)=C1 (Mutation error)
242,C1=CCC(c2ccccc2)=CC1 (Mutation error)
243,C1=CC(c2ccccc2)=C1 (Mutation error)
243,C1=CC=CC=1c1ccccc1 (Mutation error)
243,C1=CC(c2ccccc2)=CC1 (Mutation error)
243,C=C1C=C1c1ccccc1 (Mutation error)
243,CC1C=C1c1ccccc1 (Mutation error)
243,CC1C=CC=C1c1ccccc1 (Mutation error)
243,CC1C=CC(c2ccccc2)=C1 (Mutation error)
243,CC1=CC=C1c1ccccc1 (Mutation error)
243,CC1=C(c2ccccc2)C=C1 (Mutation error)
243,C1=CC2C1=C2c1ccccc1 (Mutation error)
243,C1=CCC=1c1ccccc1 (Mutation error)
243,C1=C(c2ccccc2)CC1 (Mutation error)
243,C1#CC(c2ccccc2)=C1 (Mutation error)
243,C1=CCC(c2ccccc2)=CC1 (Mutation error)
243,C1=CCC=C(c2ccccc2)C=1 (Mutation error)
243,C1=C2C=C(c3ccccc3)C12 (Mutation error)
243,CC1(C)C=C1c1ccccc1 (Mutation error)
244,C1=CC(c2ccccc2)=C1 (Mutation error)
244,C1=CC=1c1ccccc1 (Mutation error)
244,C1=C(c2ccccc2)C1 (Mutation error)
244,C1=CC(c2ccccc2)=CC1 (Mutation error)
244,C1=CC=C(c2ccccc2)C=1 (Mutation error)
244,C1=CCC(c2ccccc2)=C1 (Mutation error)
244,C=C1C=C1c1ccccc1 (Mutation error)
244,CC1C=CC(c2ccccc2)=C1 (Mutation error)
244,CC1=C(c2ccccc2)C=C1 (Mutation error)
244,C1=CC2C1=C2c1ccccc1 (Mutation error)
244,C1=C(c2ccccc2)CC1 (Mutation error)
244,C1=CCC=1c1ccccc1 (Mutation error)
244,C1=CCCC(c2ccccc2)=C1 (Mutation error)
245,C1=CC=1c1ccccc1 (Mutation error)
245,C1=C(c2ccccc2)C1 (Mutation error)
245,C1=CCC(c2ccccc2)=C1 (Mutation error)
245,C1=CC=C(c2ccccc2)C=1 (Mutation error)
245,CC1C=C1c1ccccc1 (Mutation error)
245,CC1C=CC=C1c1ccccc1 (Mutation error)
245,CC1C=CC(c2ccccc2)=C1 (Mutation error)
245,CC1=CC=C1c1ccccc1 (Mutation error)
245,C1=CC2C1=C2c1ccccc1 (Mutation error)
245,C1#CC(c2ccccc2)=C1 (Mutation error)
245,C1=C(c2ccccc2)CC1 (Mutation error)
245,C1=CC=C(c2ccccc2)CC=1 (Mutation error)
245,C1=CCC(c2ccccc2)=CC1 (Mutation error)
245,C1=CC(c2ccccc2)=CCC1 (Mutation error)
245,C1=C2C=C(c3ccccc3)C12 (Mutation error)
245,CC1(C)C=C1c1ccccc1 (Mutation error)
246,C1=CC=1c1ccccc1 (Mutation error)
246,C1=C(c2ccccc2)C1 (Mutation error)
246,C1=CC(c2ccccc2)=CC1 (Mutation error)
246,CC1=CC(c2ccccc2)=C1 (Mutation error)
246,CC1C=C1c1ccccc1 (Mutation error)
246,C=C1C=C1c1ccccc1 (Mutation error)
246,CC1C=CC=C1c1ccccc1 (Mutation error)
246,CC1=C(c2ccccc2)C=C1 (Mutation error)
246,CC1=CC=C1c1ccccc1 (Mutation error)
246,C1=C(c2ccccc2)CC1 (Mutation error)
246,C1#CC(c2ccccc2)=C1 (Mutation error)
246,C1=CCC=1c1ccccc1 (Mutation error)
246,C1=CCC(c2ccccc2)=CC1 (Mutation error)
246,C1=CCC=C(c2ccccc2)C=1 (Mutation error)
246,C1=CC(c2ccccc2)=CCC1 (Mutation error)
246,C1=CC=C(c2ccccc2)CC=1 (Mutation error)
246,C1=CCCC(c2ccccc2)=C1 (Mutation error)
246,C1=C(c2ccccc2)C2=CC12 (Mutation error)
246,C1=C2C=C(c3ccccc3)C12 (Mutation error)
246,CC12C=CC1=C2c1ccccc1 (Mutation error)
246,CC1C=CCC(c2ccccc2)=C1 (Mutation error)
247,C1=CC(c2ccccc2)=C1 (Mutation error)
247,C1=C(c2ccccc2)C1 (Mutation error)
247,C1=CCC(c2ccccc2)=C1 (Mutation error)
247,C1=CC=C(c2ccccc2)C=1 (Mutation error)
247,C1=CC(c2ccccc2)=CC1 (Mutation error)
247,CC1=CC(c2ccccc2)=C1 (Mutation error)
247,CC1C=C1c1ccccc1 (Mutation error)
247,C=C1C=C1c1ccccc1 (Mutation error)
247,CC1C=CC=C1c1ccccc1 (Mutation error)
247,C1=CC2C1=C2c1ccccc1 (Mutation error)
247,CC1=C(c2ccccc2)C=C1 (Mutation error)
247,CC1=CC=C1c1ccccc1 (Mutation error)
247,C1=C(c2ccccc2)CC1 (Mutation error)
247,C1=CCC=1c1ccccc1 (Mutation error)
247,C1#CC(c2ccccc2)=C1 (Mutation error)
247,C1=CCC=C(c2ccccc2)C=1 (Mutation error)
247,C1=CCCC(c2ccccc2)=C1 (Mutation error)
247,C1=C(c2ccccc2)C2=CC12 (Mutation error)
248,C1=CC(c2ccccc2)=C1 (Mutation error)
248,C1=CC=1c1ccccc1 (Mutation error)
248,C1=C(c2ccccc2)C1 (Mutation error)
248,C1=CCC(c2ccccc2)=C1 (Mutation error)
248,C1=CC(c2ccccc2)=CC1 (Mutation error)
248,C1=CC=C(c2ccccc2)C=1 (Mutation error)
248,C1=CC=CC=1c1ccccc1 (Mutation error)
248,C=C1C=C1c1ccccc1 (Mutation error)
248,CC1C=C1c1ccccc1 (Mutation error)
248,CC1=CC=C1c1ccccc1 (Mutation error)
248,CC1=C(c2ccccc2)C=C1 (Mutation error)
248,C1#CC(c2ccccc2)=C1 (Mutation error)
248,C1=CCC=1c1ccccc1 (Mutation error)
248,C1=C(c2ccccc2)CC1 (Mutation error)
248,C1=CCCC(c2ccccc2)=C1 (Mutation error)
248,C1=C(c2ccccc2)C2=CC12 (Mutation error)
248,C1=C2C=C(c3ccccc3)C12 (Mutation error)
249,C1=CC(c2ccccc2)=C1 (Mutation error)
249,C1=C(c2ccccc2)C1 (Mutation error)
249,C1=CC=C(c2ccccc2)C=1 (Mutation error)
249,C1=CC(c2ccccc2)=CC1 (Mutation error)
249,C1=CCC(c2ccccc2)=C1 (Mutation error)
249,CC1C=C1c1ccccc1 (Mutation error)
249,CC1=CC=C1c1ccccc1 (Mutation error)
249,C1=CC2C1=C2c1ccccc1 (Mutation error)
249,C1=CCC=1c1ccccc1 (Mutation error)
249,C1#CC(c2ccccc2)=C1 (Mutation error)
249,C1=C(c2ccccc2)CC1 (Mutation error)
249,C1=CC=C(c2ccccc2)CC=1 (Mutation error)
249,C1=CC(c2ccccc2)=CCC1 (Mutation error)
249,C1=CCC(c2ccccc2)=CC1 (Mutation error)
249,C1=CCC=C(c2ccccc2)C=1 (Mutation error)
249,C1=C2C=C(c3ccccc3)C12 (Mutation error)
249,C1=C(c2ccccc2)C2=CC12 (Mutation error)
249,CC1(C)C=C1c1ccccc1 (Mutation error)
250,C1=CC=1c1ccccc1 (Mutation error)
250,C1=C(c2ccccc2)C1 (Mutation error)
250,C1=CC=C(c2ccccc2)C=1 (Mutation error)
250,C1=CCC(c2ccccc2)=C1 (Mutation error)
250,C=C1C=C1c1ccccc1 (Mutation error)
250,CC1C=C1c1ccccc1 (Mutation error)
250,C1=CC2C1=C2c1ccccc1 (Mutation error)
250,CC1=CC=C1c1ccccc1 (Mutation error)
250,CC1=C(c2ccccc2)C=C1 (Mutation error)
250,C1#CC(c2ccccc2)=C1 (Mutation error)
250,C1=C(c2ccccc2)CC1 (Mutation error)
250,C1=CC(c2ccccc2)=CCC1 (Mutation error)
250,C1=CC=C(c2ccccc2)CC=1 (Mutation error)
250,C1=CCCC(c2ccccc2)=C1 (Mutation error)
250,C1=CCC=C(c2ccccc2)C=1 (Mutation error)
250,C1=CCC(c2ccccc2)=CC1 (Mutation error)
250,C1=C2C=C(c3ccccc3)C12 (Mutation error)
250,CC1(C)C=C1c1ccccc1 (Mutation error)
250,CC12C=CC1=C2c1ccccc1 (Mutation error)
251,C1=CC=1c1ccccc1 (Mutation error)
251,C1=CC(c2ccccc2)=CC1 (Mutation error)
251,C1=CCC(c2ccccc2)=C1 (Mutation error)
251,CC1C=C1c1ccccc1 (Mutation error)
251,CC1C=CC=C1c1ccccc1 (Mutation error)
251,C1=CC2C1=C2c1ccccc1 (Mutation error)
251,CC1=CC=C1c1ccccc1 (Mutation error)
252,C1=CC(c2ccccc2)=C1 (Mutation error)
252,C1=C(c2ccccc2)C1 (Mutation error)
252,C1=CC=1c1ccccc1 (Mutation error)
252,C1=CC=CC=1c1ccccc1 (Mutation error)
252,C1=CCC(c2ccccc2)=C1 (Mutation error)
252,CC1C=C1c1ccccc1 (Mutation error)
252,C=C1C=C1c1ccccc1 (Mutation error)
252,CC1C=CC=C1c1ccccc1 (Mutation error)
252,CC1=C(c2ccccc2)C=C1 (Mutation error)
252,C1=C(c2ccccc2)CC1 (Mutation error)
252,C1#CC(c2ccccc2)=C1 (Mutation error)
252,C1=CCC=1c1ccccc1 (Mutation error)
252,C1=CCC=C(c2ccccc2)C=1 (Mutation error)
252,C1=CC=C(c2ccccc2)CC=1 (Mutation error)
252,C1=CCCC(c2ccccc2)=C1 (Mutation error)
252,C1=C2C=C(c3ccccc3)C12 (Mutation error)
252,C1=C(c2ccccc2)C2=CC12 (Mutation error)
252,CC1(C)C=C1c1ccccc1 (Mutation error)
253,C1=CC=1c1ccccc1 (Mutation error)
253,C1=C(c2ccccc2)C1 (Mutation error)
253,C1=CC=C(c2ccccc2)C=1 (Mutation error)
253,C1=CC(c2ccccc2)=CC1 (Mutation error)
253,C1=CCC(c2ccccc2)=C1 (Mutation error)
253,C=C1C=C1c1ccccc1 (Mutation error)
253,CC1C=C1c1ccccc1 (Mutation error)
253,CC1C=CC(c2ccccc2)=C1 (Mutation error)
253,CC1C=CC=C1c1ccccc1 (Mutation error)
253,CC1=CC=C1c1ccccc1 (Mutation error)
253,C1=CCC=1c1ccccc1 (Mutation error)
253,C1=C(c2ccccc2)CC1 (Mutation error)
253,C1#CC(c2ccccc2)=C1 (Mutation error)
253,C1=CCC=C(c2ccccc2)C=1 (Mutation error)
253,C1=CCCC(c2ccccc2)=C1 (Mutation error)
253,C1=CC(c2ccccc2)=CCC1 (Mutation error)
253,C1=CCC(c2ccccc2)=CC1 (Mutation error)
253,C1=C(c2ccccc2)C2=CC12 (Mutation error)
253,C1=C2C=C(c3ccccc3)C12 (Mutation error)
253,CC1(C)C=C1c1ccccc1 (Mutation error)
253,CC1(C)C=CC=C1c1ccccc1 (Mutation error)
253,CC1(C)C=CC(c2ccccc2)=C1 (Mutation error)
253,CC1C=C(c2ccccc2)C=CC1 (Mutation error)
253,CC1C=CCC(c2ccccc2)=C1 (Mutation error)
253,CC1C=CC=C(c2ccccc2)C1 (Mutation error)
253,CC1C=CCC=C1c1ccccc1 (Mutation error)
254,C1=CC(c2ccccc2)=C1 (Mutation error)
254,C1=C(c2ccccc2)C1 (Mutation error)
254,C1=CC=C(c2ccccc2)C=1 (Mutation error)
254,C1=CCC(c2ccccc2)=C1 (Mutation error)
254,CC1=CC(c2ccccc2)=C1 (Mutation error)
254,CC1C=C1c1ccccc1 (Mutation error)
254,CC1C=CC=C1c1ccccc1 (Mutation error)
254,CC1C=CC(c2ccccc2)=C1 (Mutation error)
254,CC1=CC=C1c1ccccc1 (Mutation error)
254,C1=CC2C1=C2c1ccccc1 (Mutation error)
254,C1#CC(c2ccccc2)=C1 (Mutation error)
254,C1=CCC=1c1ccccc1 (Mutation error)
254,C1=C(c2ccccc2)CC1 (Mutation error)
254,C1=CCCC(c2ccccc2)=C1 (Mutation error)
254,C1=CC=C(c2ccccc2)CC=1 (Mutation error)
254,C1=CCC=C(c2ccccc2)C=1 (Mutation error)
254,C1=CC(c2ccccc2)=CCC1 (Mutation error)
254,C1=C2C=C(c3ccccc3)C12 (Mutation error)
254,C1=C(c2ccccc2)C2=CC12 (Mutation error)
254,CC1(C)C=C1c1ccccc1 (Mutation error)
255,C1=CC(c2ccccc2)=C1 (Mutation error)
255,C1=CC=1c1ccccc1 (Mutation error)
255,C1=C(c2ccccc2)C1 (Mutation error)
255,C1=CCC(c2ccccc2)=C1 (Mutation error)
255,C=C1C=C1c1ccccc1 (Mutation error)
255,CC1C=C1c1ccccc1 (Mutation error)
255,CC1C=CC(c2ccccc2)=C1 (Mutation error)
255,C1=CC2C1=C2c1ccccc1 (Mutation error)
255,CC1=CC=C1c1ccccc1 (Mutation error)
255,C1#CC(c2ccccc2)=C1 (Mutation error)
255,C1=CCC=1c1ccccc1 (Mutation error)
255,C1=C(c2ccccc2)CC1 (Mutation error)
255,C1=CCC(c2ccccc2)=CC1 (Mutation error)
255,C1=CC(c2ccccc2)=CCC1 (Mutation error)
255,C1=CC=C(c2ccccc2)CC=1 (Mutation error)
255,C1=C(c2ccccc2)C2=CC12 (Mutation error)
255,CC1(C)C=C1c1ccccc1 (Mutation error)
256,C1=CC(c2ccccc2)=C1 (Mutation error)
256,C1=C(c2ccccc2)C1 (Mutation error)
256,C1=CC=1c1ccccc1 (Mutation error)
256,C1=CC(c2ccccc2)=CC1 (Mutation error)
256,C1=CCC(c2ccccc2)=C1 (Mutation error)
256,CC1=CC(c2ccccc2)=C1 (Mutation error)
256,CC1C=C1c1ccccc1 (Mutation error)
256,C1=CC2C1=C2c1ccccc1 (Mutation error)
256,C1=CCC=1c1ccccc1 (Mutation error)
256,C1=C(c2ccccc2)CC1 (Mutation error)
256,C1=CC(c2ccccc2)=CCC1 (Mutation error)
256,C1=CCCC(c2ccccc2)=C1 (Mutation error)
256,C1=CCC=C(c2ccccc2)C=1 (Mutation error)
256,C1=CC=C(c2ccccc2)CC=1 (Mutation error)
256,C1=CCC(c2ccccc2)=CC1 (Mutation error)
256,C1=C2C=C(c3ccccc3)C12 (Mutation error)
256,C1=C(c2ccccc2)C2=CC12 (Mutation error)
256,CC1(C)C=C1c1ccccc1 (Mutation error)
257,C1=CC(c2ccccc2)=C1 (Mutation error)
257,C1=CC=1c1ccccc1 (Mutation error)
257,C1=C(c2ccccc2)C1 (Mutation error)
257,C1=CCC(c2ccccc2)=C1 (Mutation error)
257,C1=CC=C(c2ccccc2)C=1 (Mutation error)
257,C1=CC(c2ccccc2)=CC1 (Mutation error)
257,CC1=CC(c2ccccc2)=C1 (Mutation error)
257,CC1C=C1c1ccccc1 (Mutation error)
257,C=C1C=C1c1ccccc1 (Mutation error)
257,CC1C=CC(c2ccccc2)=C1 (Mutation error)
257,C1=CC2C1=C2c1ccccc1 (Mutation error)
257,C1#CC(c2ccccc2)=C1 (Mutation error)
257,C1=CCC=1c1ccccc1 (Mutation error)
257,C1=C(c2ccccc2)CC1 (Mutation error)
257,C1=CCCC(c2ccccc2)=C1 (Mutation error)
257,C1=CCC=C(c2ccccc2)C=1 (Mutation error)
257,C1=CC(c2ccccc2)=CCC1 (Mutation error)
257,C1=CC=C(c2ccccc2)CC=1 (Mutation error)
257,C1=C2C=C(c3ccccc3)C12 (Mutation error)
257,CC1(C)C=C1c1ccccc1 (Mutation error)
257,CC1(C)C=CC(c2ccccc2)=C1 (Mutation error)
257,CCC1=CC(c2ccccc2)=C1 (Mutation error)
257,CC12C=CC1=C2c1ccccc1 (Mutation error)
258,C1=CC=1c1ccccc1 (Mutation error)
258,C1=C(c2ccccc2)C1 (Mutation error)
258,C1=CC=C(c2ccccc2)C=1 (Mutation error)
258,C1=CC(c2ccccc2)=CC1 (Mutation error)
258,CC1=CC(c2ccccc2)=C1 (Mutation error)
258,CC1C=C1c1ccccc1 (Mutation error)
258,C=C1C=C1c1ccccc1 (Mutation error)
258,CC1C=CC(c2ccccc2)=C1 (Mutation error)
258,CC1C=CC=C1c1ccccc1 (Mutation error)
258,C1=CC2C1=C2c1ccccc1 (Mutation error)
258,CC1=CC=C1c1ccccc1 (Mutation error)
258,C1=C2C1=C2c1ccccc1 (Mutation error)
258,C1=C(c2ccccc2)CC1 (Mutation error)
258,C1=CCC=1c1ccccc1 (Mutation error)
258,C1#CC(c2ccccc2)=C1 (Mutation error)
258,C1=CCC(c2ccccc2)=CC1 (Mutation error)
258,C1=CCC=C(c2ccccc2)C=1 (Mutation error)
258,C1=CC(c2ccccc2)=CCC1 (Mutation error)
258,C1=C2C=C(c3ccccc3)C12 (Mutation error)
258,C1=C(c2ccccc2)C2=CC12 (Mutation error)
258,CC1(C)C=C1c1ccccc1 (Mutation error)
258,CC1(C)C=CC(c2ccccc2)=C1 (Mutation error)
259,C1=CC=1c1ccccc1 (Mutation error)
259,C1=C(c2ccccc2)C1 (Mutation error)
259,C1=CCC(c2ccccc2)=C1 (Mutation error)
259,C1=CC=CC=1c1ccccc1 (Mutation error)
259,C1=CC(c2ccccc2)=CC1 (Mutation error)
259,C=C1C=C1c1ccccc1 (Mutation error)
259,CC1C=C1c1ccccc1 (Mutation error)
259,CC1=C(c2ccccc2)C=C1 (Mutation error)
259,CC1=CC=C1c1ccccc1 (Mutation error)
259,C1=C2C1=C2c1ccccc1 (Mutation error)
259,C1=C(c2ccccc2)CC1 (Mutation error)
259,C1#CC(c2ccccc2)=C1 (Mutation error)
259,C1=CCC=1c1ccccc1 (Mutation error)
259,C1=CC=CCC=1c1ccccc1 (Mutation error)
259,C1=CCC=CC=1c1ccccc1 (Mutation error)
259,C1=CCCC(c2ccccc2)=C1 (Mutation error)
259,C1=CC=C(c2ccccc2)CC=1 (Mutation error)
259,C1=C2C=C(c3ccccc3)C12 (Mutation error)
259,C1=C(c2ccccc2)C2=CC12 (Mutation error)
259,CC1(C)C=C1c1ccccc1 (Mutation error)
260,C1=CC(c2ccccc2)=C1 (Mutation error)
260,C1=CC=1c1ccccc1 (Mutation error)
260,C1=C(c2ccccc2)C1 (Mutation error)
260,C1=CC=CC=1c1ccccc1 (Mutation error)
260,C1=CCC(c2ccccc2)=C1 (Mutation error)
260,CC1=CC(c2ccccc2)=C1 (Mutation error)
260,CC1C=C1c1ccccc1 (Mutation error)
260,C=C1C=C1c1ccccc1 (Mutation error)
260,C1=CC2C1=C2c1ccccc1 (Mutation error)
260,CC1=C(c2ccccc2)C=C1 (Mutation error)
260,C1=C=C(c2ccccc2)C=1 (Mutation error)
260,C1=CCC=1c1ccccc1 (Mutation error)
260,C1=C(c2ccccc2)CC1 (Mutation error)
260,C1=C2C1=C2c1ccccc1 (Mutation error)
260,C1#CC(c2ccccc2)=C1 (Mutation error)
260,C1=CCC(c2ccccc2)=CC1 (Mutation error)
260,C1=CC(c2ccccc2)=CCC1 (Mutation error)
261,C1=CC(c2ccccc2)=C1 (Mutation error)
261,C1=C(c2ccccc2)C1 (Mutation error)
261,C1=CC=1c1ccccc1 (Mutation error)
261,C1=CC(c2ccccc2)=CC1 (Mutation error)
261,C1=CC=CC=1c1ccccc1 (Mutation error)
261,C1=CC=C(c2ccccc2)C=1 (Mutation error)
261,CC1=CC(c2ccccc2)=C1 (Mutation error)
261,CC1C=C1c1ccccc1 (Mutation error)
261,C=C1C=C1c1ccccc1 (Mutation error)
261,CC1C=CC(c2ccccc2)=C1 (Mutation error)
261,CC1=CC=C1c1ccccc1 (Mutation error)
261,CC1=C(c2ccccc2)C=C1 (Mutation error)
261,C1=CCC=1c1ccccc1 (Mutation error)
261,C1=C(c2ccccc2)CC1 (Mutation error)
261,C1#CC(c2ccccc2)=C1 (Mutation error)
261,C1=C=C(c2ccccc2)C=1 (Mutation error)
261,C1=CC=CCC=1c1ccccc1 (Mutation error)
261,C1=CC(c2ccccc2)=CCC1 (Mutation error)
261,C1=CCC(c2ccccc2)=CC1 (Mutation error)
261,C1=C(c2ccccc2)C2=CC12 (Mutation error)
261,CC1(C)C=C1c1ccccc1 (Mutation error)
261,CC1(C)C=CC(c2ccccc2)=C1 (Mutation error)
261,CC1(C)C=CC=C1c1ccccc1 (Mutation error)
262,C1=C(c2ccccc2)C1 (Mutation error)
262,C1=CC=1c1ccccc1 (Mutation error)
262,C1=CC(c2ccccc2)=CC1 (Mutation error)
262,C1=CCC(c2ccccc2)=C1 (Mutation error)
262,CC1=CC(c2ccccc2)=C1 (Mutation error)
262,CC1C=C1c1ccccc1 (Mutation error)
262,C=C1C=C1c1ccccc1 (Mutation error)
262,CC1C=CC=C1c1ccccc1 (Mutation error)
262,C1=CC2C1=C2c1ccccc1 (Mutation error)
262,CC1=C(c2ccccc2)C=C1 (Mutation error)
262,CC1=CC=C1c1ccccc1 (Mutation error)
262,C1=C2C1=C2c1ccccc1 (Mutation error)
262,C1=C(c2ccccc2)CC1 (Mutation error)
262,C1=CCC=1c1ccccc1 (Mutation error)
262,C1=CCC(c2ccccc2)=CC1 (Mutation error)
262,C1=CCC=CC=1c1ccccc1 (Mutation error)
262,C1=CC=C(c2ccccc2)CC=1 (Mutation error)
262,C1=CC=CCC=1c1ccccc1 (Mutation error)
262,C1=C2C=C(c3ccccc3)C12 (Mutation error)
262,C1=C(c2ccccc2)C2=CC12 (Mutation error)
262,CC1(C)C=C1c1ccccc1 (Mutation error)
263,C1=CC(c2ccccc2)=C1 (Mutation error)
263,C1=C(c2ccccc2)C1 (Mutation error)
263,C1=CC(c2ccccc2)=CC1 (Mutation error)
263,C1=CC=CC=1c1ccccc1 (Mutation error)
263,C1=CCC(c2ccccc2)=C1 (Mutation error)
263,C1=CC=C(c2ccccc2)C=1 (Mutation error)
263,CC1=CC(c2ccccc2)=C1 (Mutation error)
263,CC1C=C1c1ccccc1 (Mutation error)
263,C=C1C=C1c1ccccc1 (Mutation error)
263,CC1C=CC=C1c1ccccc1 (Mutation error)
263,CC1C=CC(c2ccccc2)=C1 (Mutation error)
263,C1=CC2C1=C2c1ccccc1 (Mutation error)
263,C1=C2C1=C2c1ccccc1 (Mutation error)
263,C1#CC(c2ccccc2)=C1 (Mutation error)
263,C1=CCC=1c1ccccc1 (Mutation error)
263,C1=C=C(c2ccccc2)C=1 (Mutation error)
263,C1=C(c2ccccc2)CC1 (Mutation error)
263,C1=CC(c2ccccc2)=CCC1 (Mutation error)
263,C1=CC=C(c2ccccc2)CC=1 (Mutation error)
263,C1=CCC=CC=1c1ccccc1 (Mutation error)
263,C1=CCC=C(c2ccccc2)C=1 (Mutation error)
263,C1=CCCC(c2ccccc2)=C1 (Mutation error)
263,C1=CCC(c2ccccc2)=CC1 (Mutation error)
263,C1=C(c2ccccc2)C2=CC12 (Mutation error)
263,C1=C2C=C(c3ccccc3)C12 (Mutation error)
263,CC1(C)C=C1c1ccccc1 (Mutation error)
263,CCC1=CC(c2ccccc2)=C1 (Mutation error)
263,CC1C=CCC(c2ccccc2)=C1 (Mutation error)
263,CC1C=CC=C(c2ccccc2)C1 (Mutation error)
263,CC1CC=CC=C1c1ccccc1 (Mutation error)
264,C1=CC(c2ccccc2)=C1 (Mutation error)
264,C1=CC=1c1ccccc1 (Mutation error)
264,C1=C(c2ccccc2)C1 (Mutation error)
264,C1=CC(c2ccccc2)=CC1 (Mutation error)
264,C1=CC=CC=1c1ccccc1 (Mutation error)
264,C1=CC=C(c2ccccc2)C=1 (Mutation error)
264,CC1C=C1c1ccccc1 (Mutation error)
264,CC1=CC=C1c1ccccc1 (Mutation error)
264,C1=C=C(c2ccccc2)C=1 (Mutation error)
264,C1=C(c2ccccc2)CC1 (Mutation error)
264,C1=CCC=1c1ccccc1 (Mutation error)
264,C1=C2C1=C2c1ccccc1 (Mutation error)
264,C1=CC(c2ccccc2)=CCC1 (Mutation error)
264,C1=CCC(c2ccccc2)=CC1 (Mutation error)
265,C1=CC(c2ccccc2)=C1 (Mutation error)
265,C1=C(c2ccccc2)C1 (Mutation error)
265,C1=CC=1c1ccccc1 (Mutation error)
265,C1=CCC(c2ccccc2)=C1 (Mutation error)
265,C1=CC(c2ccccc2)=CC1 (Mutation error)
265,CC1C=C1c1ccccc1 (Mutation error)
265,CC1C=CC(c2ccccc2)=C1 (Mutation error)
265,CC1C=CC=C1c1ccccc1 (Mutation error)
265,CC1=CC=C1c1ccccc1 (Mutation error)
265,C1=CC2C1=C2c1ccccc1 (Mutation error)
265,C1=CCC=1c1ccccc1 (Mutation error)
265,C1#CC(c2ccccc2)=C1 (Mutation error)
265,C1=C2C1=C2c1ccccc1 (Mutation error)
265,C1=CC=C(c2ccccc2)CC=1 (Mutation error)
265,C1=CCCC(c2ccccc2)=C1 (Mutation error)
265,C1=CCC(c2ccccc2)=CC1 (Mutation error)
265,C1=CCC=C(c2ccccc2)C=1 (Mutation error)
265,C1=CCC=CC=1c1ccccc1 (Mutation error)
265,C1=CC(c2ccccc2)=CCC1 (Mutation error)
265,C1=C2C=C(c3ccccc3)C12 (Mutation error)
265,C1=C(c2ccccc2)C2=CC12 (Mutation error)
265,CC1(C)C=C1c1ccccc1 (Mutation error)
265,CC1(C)C=CC(c2ccccc2)=C1 (Mutation error)
265,CC1(C)C=CC=C1c1ccccc1 (Mutation error)
265,CCC1=CC(c2ccccc2)=C1 (Mutation error)
265,CC12C=CC1=C2c1ccccc1 (Mutation error)
265,CC1C=CCC=C1c1ccccc1 (Mutation error)
266,C1=CC(c2ccccc2)=C1 (Mutation error)
266,C1=C(c2ccccc2)C1 (Mutation error)
266,C1=CC=1c1ccccc1 (Mutation error)
266,C1=CC=CC=1c1ccccc1 (Mutation error)
266,C1=CC(c2ccccc2)=CC1 (Mutation error)
266,C1=CC=C(c2ccccc2)C=1 (Mutation error)
266,C1=CCC(c2ccccc2)=C1 (Mutation error)
266,CC1=CC(c2ccccc2)=C1 (Mutation error)
266,CC1C=C1c1ccccc1 (Mutation error)
266,CC1C=CC(c2ccccc2)=C1 (Mutation error)
266,CC1C=CC=C1c1ccccc1 (Mutation error)
266,CC1=C(c2ccccc2)C=C1 (Mutation error)
266,C1=CC2C1=C2c1ccccc1 (Mutation error)
266,C1=C2C1=C2c1ccccc1 (Mutation error)
266,C1=C=C(c2ccccc2)C=1 (Mutation error)
266,C1=C(c2ccccc2)CC1 (Mutation error)
266,C1#CC(c2ccccc2)=C1 (Mutation error)
266,C1=CCCC(c2ccccc2)=C1 (Mutation error)
266,C1=CCC=C(c2ccccc2)C=1 (Mutation error)
266,C1=CC=CCC=1c1ccccc1 (Mutation error)
266,C1=CCC(c2ccccc2)=CC1 (Mutation error)
266,C1=C2C=C(c3ccccc3)C12 (Mutation error)
266,CC1(C)C=C1c1ccccc1 (Mutation error)
266,CC1(C)C=CC=C1c1ccccc1 (Mutation error)
266,CC12C=CC1=C2c1ccccc1 (Mutation error)
266,CCC1=CC(c2ccccc2)=C1 (Mutation error)
267,C1=CC(c2ccccc2)=C1 (Mutation error)
267,C1=CC=1c1ccccc1 (Mutation error)
267,C1=C(c2ccccc2)C1 (Mutation error)
267,C1=CCC(c2ccccc2)=C1 (Mutation error)
267,C1=CC=CC=1c1ccccc1 (Mutation error)
267,C1=CC=C(c2ccccc2)C=1 (Mutation error)
267,CC1=CC(c2ccccc2)=C1 (Mutation error)
267,C=C1C=C1c1ccccc1 (Mutation error)
267,CC1C=C1c1ccccc1 (Mutation error)
267,CC1C=CC=C1c1ccccc1 (Mutation error)
267,CC1C=CC(c2ccccc2)=C1 (Mutation error)
267,CC1=C(c2ccccc2)C=C1 (Mutation error)
267,C1=CC2C1=C2c1ccccc1 (Mutation error)
267,CC1=CC=C1c1ccccc1 (Mutation error)
267,C1=CCC=1c1ccccc1 (Mutation error)
267,C1#CC(c2ccccc2)=C1 (Mutation error)
267,C1=C2C1=C2c1ccccc1 (Mutation error)
267,C1=C(c2ccccc2)CC1 (Mutation error)
267,C1=CC=C(c2ccccc2)CC=1 (Mutation error)
267,C1=CCCC(c2ccccc2)=C1 (Mutation error)
267,C1=CC=CCC=1c1ccccc1 (Mutation error)
267,C1=CC(c2ccccc2)=CCC1 (Mutation error)
267,C1=C(c2ccccc2)C2=CC12 (Mutation error)
267,C1=C2C=C(c3ccccc3)C12 (Mutation error)
267,CC1(C)C=C1c1ccccc1 (Mutation error)
267,CC1(C)C=CC=C1c1ccccc1 (Mutation error)
268,C1=C(c2ccccc2)C1 (Mutation error)
268,C1=CC=1c1ccccc1 (Mutation error)
268,C1=CC=CC=1c1ccccc1 (Mutation error)
268,C1=CCC(c2ccccc2)=C1 (Mutation error)
268,C1=CC=C(c2ccccc2)C=1 (Mutation error)
268,C1=CC(c2ccccc2)=CC1 (Mutation error)
268,C=C1C=C1c1ccccc1 (Mutation error)
268,CC1=CC=C1c1ccccc1 (Mutation error)
268,C1=C2C1=C2c1ccccc1 (Mutation error)
268,C1#CC(c2ccccc2)=C1 (Mutation error)
268,C1=CCC=1c1ccccc1 (Mutation error)
268,C1=CCCC(c2ccccc2)=C1 (Mutation error)
269,C1=CC(c2ccccc2)=C1 (Mutation error)
269,C1=C(c2ccccc2)C1 (Mutation error)
269,C1=CC=1c1ccccc1 (Mutation error)
269,C1=CCC(c2ccccc2)=C1 (Mutation error)
269,C1=CC=C(c2ccccc2)C=1 (Mutation error)
269,C1=CC(c2ccccc2)=CC1 (Mutation error)
269,CC1=CC(c2ccccc2)=C1 (Mutation error)
269,C=C1C=C1c1ccccc1 (Mutation error)
269,CC1C=C1c1ccccc1 (Mutation error)
269,CC1C=CC=C1c1ccccc1 (Mutation error)
269,CC1C=CC(c2ccccc2)=C1 (Mutation error)
269,CC1=C(c2ccccc2)C=C1 (Mutation error)
269,C1=CC2C1=C2c1ccccc1 (Mutation error)
269,C1=C(c2ccccc2)CC1 (Mutation error)
269,C1=CCC=1c1ccccc1 (Mutation error)
269,C1#CC(c2ccccc2)=C1 (Mutation error)
269,C1=C=C(c2ccccc2)C=1 (Mutation error)
269,C1=CC=C(c2ccccc2)CC=1 (Mutation error)
269,C1=CC(c2ccccc2)=CCC1 (Mutation error)
269,C1=CCC=C(c2ccccc2)C=1 (Mutation error)
269,C1=CCC=CC=1c1ccccc1 (Mutation error)
269,C1=C2C=C(c3ccccc3)C12 (Mutation error)
269,C1=C(c2ccccc2)C2=CC12 (Mutation error)
269,CC1(C)C=C1c1ccccc1 (Mutation error)
269,CC1(C)C=CC(c2ccccc2)=C1 (Mutation error)
269,CC1(C)C=CC=C1c1ccccc1 (Mutation error)
269,CCC1=CC(c2ccccc2)=C1 (Mutation error)
269,CC12C=CC1=C2c1ccccc1 (Mutation error)
269,CC1C=CC(c2ccccc2)=CC1 (Mutation error)
270,C1=C(c2ccccc2)C1 (Mutation error)
270,C1=CC=1c1ccccc1 (Mutation error)
270,C1=CC=CC=1c1ccccc1 (Mutation error)
270,C1=CCC(c2ccccc2)=C1 (Mutation error)
270,C1=CC(c2ccccc2)=CC1 (Mutation error)
270,C1=CC=C(c2ccccc2)C=1 (Mutation error)
270,CC1=CC(c2ccccc2)=C1 (Mutation error)
270,C=C1C=C1c1ccccc1 (Mutation error)
270,CC1C=C1c1ccccc1 (Mutation error)
270,CC1C=CC(c2ccccc2)=C1 (Mutation error)
270,CC1=CC=C1c1ccccc1 (Mutation error)
270,CC1=C(c2ccccc2)C=C1 (Mutation error)
270,C1=C=C(c2ccccc2)C=1 (Mutation error)
270,C1#CC(c2ccccc2)=C1 (Mutation error)
270,C1=CCC=1c1ccccc1 (Mutation error)
270,C1=C(c2ccccc2)CC1 (Mutation error)
270,C1=CCC=C(c2ccccc2)C=1 (Mutation error)
270,C1=CCC(c2ccccc2)=CC1 (Mutation error)
270,C1=CCC=CC=1c1ccccc1 (Mutation error)
270,C1=CC(c2ccccc2)=CCC1 (Mutation error)
270,C1=C2C=C(c3ccccc3)C12 (Mutation error)
270,C1=C(c2ccccc2)C2=CC12 (Mutation error)
270,CC1(C)C=C1c1ccccc1 (Mutation error)
270,CC1(C)C=CC=C1c1ccccc1 (Mutation error)
270,CCC1=CC(c2ccccc2)=C1 (Mutation error)
271,C1=C(c2ccccc2)C1 (Mutation error)
271,C1=CC=1c1ccccc1 (Mutation error)
271,C1=CCC(c2ccccc2)=C1 (Mutation error)
271,C1=CC(c2ccccc2)=CC1 (Mutation error)
271,C1=CC=C(c2ccccc2)C=1 (Mutation error)
271,CC1=CC(c2ccccc2)=C1 (Mutation error)
271,CC1C=C1c1ccccc1 (Mutation error)
271,C=C1C=C1c1ccccc1 (Mutation error)
271,CC1C=CC=C1c1ccccc1 (Mutation error)
271,CC1C=CC(c2ccccc2)=C1 (Mutation error)
271,C1=CC2C1=C2c1ccccc1 (Mutation error)
271,CC1=CC=C1c1ccccc1 (Mutation error)
271,CC1=C(c2ccccc2)C=C1 (Mutation error)
271,C1#CC(c2ccccc2)=C1 (Mutation error)
271,C1=C(c2ccccc2)CC1 (Mutation error)
271,C1=C2C1=C2c1ccccc1 (Mutation error)
271,C1=C=C(c2ccccc2)C=1 (Mutation error)
271,C1=CCCC(c2ccccc2)=C1 (Mutation error)
271,C1=CC(c2ccccc2)=CCC1 (Mutation error)
271,C1=CCC(c2ccccc2)=CC1 (Mutation error)
271,CC1(C)C=C1c1ccccc1 (Mutation error)
272,C1=CC(c2ccccc2)=C1 (Mutation error)
272,C1=C(c2ccccc2)C1 (Mutation error)
272,C1=CC=1c1ccccc1 (Mutation error)
272,C1=CC=CC=1c1ccccc1 (Mutation error)
272,C1=CC(c2ccccc2)=CC1 (Mutation error)
272,C1=CCC(c2ccccc2)=C1 (Mutation error)
272,CC1C=C1c1ccccc1 (Mutation error)
272,C=C1C=C1c1ccccc1 (Mutation error)
272,CC1C=CC=C1c1ccccc1 (Mutation error)
272,CC1C=CC(c2ccccc2)=C1 (Mutation error)
272,C1=CC2C1=C2c1ccccc1 (Mutation error)
272,CC1=C(c2ccccc2)C=C1 (Mutation error)
272,CC1=CC=C1c1ccccc1 (Mutation error)
272,C1=CCC=1c1ccccc1 (Mutation error)
272,C1=C(c2ccccc2)CC1 (Mutation error)
272,C1=C2C1=C2c1ccccc1 (Mutation error)
272,C1=C=C(c2ccccc2)C=1 (Mutation error)
272,C1=CCC=C(c2ccccc2)C=1 (Mutation error)
272,C1=CCC=CC=1c1ccccc1 (Mutation error)
272,C1=CC(c2ccccc2)=CCC1 (Mutation error)
272,C1=CC=CCC=1c1ccccc1 (Mutation error)
272,C1=CC=C(c2ccccc2)CC=1 (Mutation error)
272,C1=CCCC(c2ccccc2)=C1 (Mutation error)
272,C1=CCC(c2ccccc2)=CC1 (Mutation error)
272,C1=C2C=C(c3ccccc3)C12 (Mutation error)
272,C1=C(c2ccccc2)C2=CC12 (Mutation error)
272,CC1(C)C=C1c1ccccc1 (Mutation error)
272,CC1(C)C=CC(c2ccccc2)=C1 (Mutation error)
272,CC12C=CC1=C2c1ccccc1 (Mutation error)
272,CCC1=CC(c2ccccc2)=C1 (Mutation error)
272,CCC1C=CC(c2ccccc2)=C1 (Mutation error)
273,C1=CC(c2ccccc2)=C1 (Mutation error)
273,C1=CC=1c1ccccc1 (Mutation error)
273,C1=C(c2ccccc2)C1 (Mutation error)
273,C1=CCC(c2ccccc2)=C1 (Mutation error)
273,C1=CC=C(c2ccccc2)C=1 (Mutation error)
273,C1=CC(c2ccccc2)=CC1 (Mutation error)
273,C1=CC=CC=1c1ccccc1 (Mutation error)
273,CC1=CC(c2ccccc2)=C1 (Mutation error)
273,CC1C=C1c1ccccc1 (Mutation error)
273,CC1C=CC(c2ccccc2)=C1 (Mutation error)
273,CC1C=CC=C1c1ccccc1 (Mutation error)
273,CC1=C(c2ccccc2)C=C1 (Mutation error)
273,CC1=CC=C1c1ccccc1 (Mutation error)
273,C1=CC2C1=C2c1ccccc1 (Mutation error)
273,C1=C=C(c2ccccc2)C=1 (Mutation error)
273,C1=C2C1=C2c1ccccc1 (Mutation error)
273,C1=CCC=1c1ccccc1 (Mutation error)
273,C1#CC(c2ccccc2)=C1 (Mutation error)
273,C1=C(c2ccccc2)CC1 (Mutation error)
273,C1=CCC=C(c2ccccc2)C=1 (Mutation error)
273,C1=CC=C(c2ccccc2)CC=1 (Mutation error)
273,C1=CCCC(c2ccccc2)=C1 (Mutation error)
273,C1=CCC=CC=1c1ccccc1 (Mutation error)
273,C1=CC(c2ccccc2)=CCC1 (Mutation error)
273,C1=CCC(c2ccccc2)=CC1 (Mutation error)
273,C1=C(c2ccccc2)C2=CC12 (Mutation error)
273,C1=C2C=C(c3ccccc3)C12 (Mutation error)
273,CC1(C)C=C1c1ccccc1 (Mutation error)
273,CC12C=CC1=C2c1ccccc1 (Mutation error)
273,CCC1C=CC=C1c1ccccc1 (Mutation error)
273,CC1C=CC=C=C1c1ccccc1 (Mutation error)
273,CC1C=CC=C(c2ccccc2)C1 (Mutation error)
273,CC1C=CC(c2ccccc2)=CC1 (Mutation error)
273,CC1C=CCC=C1c1ccccc1 (Mutation error)
273,CC1C=C(c2ccccc2)C=CC1 (Mutation error)
273,CCC1C=CC(c2ccccc2)=C1 (Mutation error)
273,CC1C=C(c2ccccc2)C1 (Mutation error)
273,C=C1C=C(c2ccccc2)C1 (Mutation error)
273,C1=C2CC1=C2c1ccccc1 (Mutation error)
273,CC12C=C(c3ccccc3)C1=C2 (Mutation error)
273,CC1=CC=C(c2ccccc2)C1 (Mutation error)
273,CC1=C(c2ccccc2)CC=C1 (Mutation error)
273,CC12C=C1C=C2c1ccccc1 (Mutation error)
274,C1=CC(c2ccccc2)=C1 (Mutation error)
274,C1=CC=1c1ccccc1 (Mutation error)
274,C1=C(c2ccccc2)C1 (Mutation error)
274,C1=CCC(c2ccccc2)=C1 (Mutation error)
274,C1=CC(c2ccccc2)=CC1 (Mutation error)
274,C1=CC=CC=1c1ccccc1 (Mutation error)
274,CC1=CC(c2ccccc2)=C1 (Mutation error)
274,C=C1C=C1c1ccccc1 (Mutation error)
274,CC1C=C1c1ccccc1 (Mutation error)
274,CC1C=CC=C1c1ccccc1 (Mutation error)
274,CC1C=CC(c2ccccc2)=C1 (Mutation error)
274,C1=CC2C1=C2c1ccccc1 (Mutation error)
274,CC1=CC=C1c1ccccc1 (Mutation error)
274,C1=C2C1=C2c1ccccc1 (Mutation error)
274,C1=CCC=1c1ccccc1 (Mutation error)
274,C1#CC(c2ccccc2)=C1 (Mutation error)
274,C1=C(c2ccccc2)CC1 (Mutation error)
274,C1=CC(c2ccccc2)=CCC1 (Mutation error)
274,C1=CC=CCC=1c1ccccc1 (Mutation error)
274,C1=CCC(c2ccccc2)=CC1 (Mutation error)
274,C1=CCCC(c2ccccc2)=C1 (Mutation error)
274,C1=C(c2ccccc2)C2=CC12 (Mutation error)
274,CC1(C)C=C1c1ccccc1 (Mutation error)
274,CC1(C)C=CC=C1c1ccccc1 (Mutation error)
275,C1=CC(c2ccccc2)=C1 (Mutation error)
275,C1=C(c2ccccc2)C1 (Mutation error)
275,C1=CCC(c2ccccc2)=C1 (Mutation error)
275,C1=CC(c2ccccc2)=CC1 (Mutation error)
275,C=C1C=C1c1ccccc1 (Mutation error)
275,CC1C=C1c1ccccc1 (Mutation error)
275,CC1C=CC(c2ccccc2)=C1 (Mutation error)
275,CC1C=CC=C1c1ccccc1 (Mutation error)
275,CC1=C(c2ccccc2)C=C1 (Mutation error)
275,C1=CC2C1=C2c1ccccc1 (Mutation error)
275,CC1=CC=C1c1ccccc1 (Mutation error)
275,C1=CCC=1c1ccccc1 (Mutation error)
275,C1=C(c2ccccc2)CC1 (Mutation error)
275,C1#CC(c2ccccc2)=C1 (Mutation error)
275,C1=C=C(c2ccccc2)C=1 (Mutation error)
275,C1=CCC=CC=1c1ccccc1 (Mutation error)
275,C1=CCCC(c2ccccc2)=C1 (Mutation error)
275,C1=CCC(c2ccccc2)=CC1 (Mutation error)
275,C1=CC=C(c2ccccc2)CC=1 (Mutation error)
275,C1=CC=CCC=1c1ccccc1 (Mutation error)
275,C1=CCC=C(c2ccccc2)C=1 (Mutation error)
275,C1=CC(c2ccccc2)=CCC1 (Mutation error)
275,C1=C(c2ccccc2)C2=CC12 (Mutation error)
275,C1=C2C=C(c3ccccc3)C12 (Mutation error)
275,CC1(C)C=C1c1ccccc1 (Mutation error)
275,CC1(C)C=CC(c2ccccc2)=C1 (Mutation error)
275,CCC1=CC(c2ccccc2)=C1 (Mutation error)
275,CC12C=CC1=C2c1ccccc1 (Mutation error)
275,CC1C=CC=C=C1c1ccccc1 (Mutation error)
275,CC1C=CC=C(c2ccccc2)C1 (Mutation error)
275,CC1C=CC(c2ccccc2)=CC1 (Mutation error)
275,CCC1C=CC(c2ccccc2)=C1 (Mutation error)
275,CCC1C=CC=C1c1ccccc1 (Mutation error)
276,C1=CC(c2ccccc2)=C1 (Mutation error)
276,C1=CC=1c1ccccc1 (Mutation error)
276,C1=C(c2ccccc2)C1 (Mutation error)
276,C1=CC=CC=1c1ccccc1 (Mutation error)
276,C1=CC=C(c2ccccc2)C=1 (Mutation error)
276,C1=CC(c2ccccc2)=CC1 (Mutation error)
276,C1=CCC(c2ccccc2)=C1 (Mutation error)
276,CC1=CC(c2ccccc2)=C1 (Mutation error)
276,C=C1C=C1c1ccccc1 (Mutation error)
276,CC1C=C1c1ccccc1 (Mutation error)
276,CC1C=CC(c2ccccc2)=C1 (Mutation error)
276,C1=CC2C1=C2c1ccccc1 (Mutation error)
276,CC1=C(c2ccccc2)C=C1 (Mutation error)
276,CC1=CC=C1c1ccccc1 (Mutation error)
276,C1=CCC=1c1ccccc1 (Mutation error)
276,C1=C2C1=C2c1ccccc1 (Mutation error)
276,C1=C(c2ccccc2)CC1 (Mutation error)
276,C1#CC(c2ccccc2)=C1 (Mutation error)
276,C1=CC(c2ccccc2)=CCC1 (Mutation error)
276,C1=CCC=CC=1c1ccccc1 (Mutation error)
276,C1=CCC=C(c2ccccc2)C=1 (Mutation error)
276,C1=CCCC(c2ccccc2)=C1 (Mutation error)
276,C1=CC=C(c2ccccc2)CC=1 (Mutation error)
276,C1=C(c2ccccc2)C2=CC12 (Mutation error)
276,CC1(C)C=C1c1ccccc1 (Mutation error)
276,CC1(C)C=CC=C1c1ccccc1 (Mutation error)
276,CCC1=CC(c2ccccc2)=C1 (Mutation error)
276,CC12C=CC1=C2c1ccccc1 (Mutation error)
276,CC1C=CC(c2ccccc2)=CC1 (Mutation error)
276,CCC1C=CC(c2ccccc2)=C1 (Mutation error)
276,CC1C=CCC(c2ccccc2)=C1 (Mutation error)
276,CC1CC=CC=C1c1ccccc1 (Mutation error)
276,CC1C=CCC=C1c1ccccc1 (Mutation error)
276,CC1C=C=CC=C1c1ccccc1 (Mutation error)
277,C1=CC(c2ccccc2)=C1 (Mutation error)
277,C1=CC=1c1ccccc1 (Mutation error)
277,C1=C(c2ccccc2)C1 (Mutation error)
277,C1=CC(c2ccccc2)=CC1 (Mutation error)
277,C1=CC=CC=1c1ccccc1 (Mutation error)
277,C1=CC=C(c2ccccc2)C=1 (Mutation error)
277,C1=CCC(c2ccccc2)=C1 (Mutation error)
277,CC1=CC(c2ccccc2)=C1 (Mutation error)
277,C=C1C=C1c1ccccc1 (Mutation error)
277,CC1=CC=C1c1ccccc1 (Mutation error)
277,C1=CC2C1=C2c1ccccc1 (Mutation error)
277,CC1=C(c2ccccc2)C=C1 (Mutation error)
277,C1#CC(c2ccccc2)=C1 (Mutation error)
277,C1=CCC=1c1ccccc1 (Mutation error)
277,C1=C(c2ccccc2)CC1 (Mutation error)
277,C1=C=C(c2ccccc2)C=1 (Mutation error)
277,C1=C2C1=C2c1ccccc1 (Mutation error)
277,C1=CCCC(c2ccccc2)=C1 (Mutation error)
277,C1=CCC(c2ccccc2)=CC1 (Mutation error)
277,C1=CC=CCC=1c1ccccc1 (Mutation error)
277,C1=CC=C(c2ccccc2)CC=1 (Mutation error)
277,C1=CCC=C(c2ccccc2)C=1 (Mutation error)
277,C1=C(c2ccccc2)C2=CC12 (Mutation error)
277,C1=C2C=C(c3ccccc3)C12 (Mutation error)
277,CC1(C)C=C1c1ccccc1 (Mutation error)
277,CC1(C)C=CC=C1c1ccccc1 (Mutation error)
277,CC1C=CCC(c2ccccc2)=C1 (Mutation error)
278,C1=CC(c2ccccc2)=C1 (Mutation error)
278,C1=C(c2ccccc2)C1 (Mutation error)
278,C1=CC=1c1ccccc1 (Mutation error)
278,C1=CC=C(c2ccccc2)C=1 (Mutation error)
278,C1=CC(c2ccccc2)=CC1 (Mutation error)
278,C1=CC=CC=1c1ccccc1 (Mutation error)
278,C1=CCC(c2ccccc2)=C1 (Mutation error)
278,CC1=CC(c2ccccc2)=C1 (Mutation error)
278,C=C1C=C1c1ccccc1 (Mutation error)
278,CC1C=C1c1ccccc1 (Mutation error)
278,CC1C=CC=C1c1ccccc1 (Mutation error)
278,CC1C=CC(c2ccccc2)=C1 (Mutation error)
278,CC1=C(c2ccccc2)C=C1 (Mutation error)
278,C1=CC2C1=C2c1ccccc1 (Mutation error)
278,C1=C2C1=C2c1ccccc1 (Mutation error)
278,C1=C(c2ccccc2)CC1 (Mutation error)
278,C1=C=C(c2ccccc2)C=1 (Mutation error)
278,C1=CCC=1c1ccccc1 (Mutation error)
278,C1#CC(c2ccccc2)=C1 (Mutation error)
278,C1=CCC=CC=1c1ccccc1 (Mutation error)
278,C1=CC=C(c2ccccc2)CC=1 (Mutation error)
278,C1=CCCC(c2ccccc2)=C1 (Mutation error)
278,C1=CC(c2ccccc2)=CCC1 (Mutation error)
278,C1=CCC(c2ccccc2)=CC1 (Mutation error)
278,C1=C(c2ccccc2)C2=CC12 (Mutation error)
278,CC1(C)C=C1c1ccccc1 (Mutation error)
278,CC1(C)C=CC=C1c1ccccc1 (Mutation error)
278,CC1(C)C=CC(c2ccccc2)=C1 (Mutation error)
278,CC12C=CC1=C2c1ccccc1 (Mutation error)
278,CC1C=CCC(c2ccccc2)=C1 (Mutation error)
278,CC1CC=CC=C1c1ccccc1 (Mutation error)
279,C1=CC(c2ccccc2)=C1 (Mutation error)
279,C1=C(c2ccccc2)C1 (Mutation error)
279,C1=CC=1c1ccccc1 (Mutation error)
279,C1=CC=C(c2ccccc2)C=1 (Mutation error)
279,C1=CCC(c2ccccc2)=C1 (Mutation error)
279,C1=CC(c2ccccc2)=CC1 (Mutation error)
279,C1=CC=CC=1c1ccccc1 (Mutation error)
279,C=C1C=C1c1ccccc1 (Mutation error)
279,CC1C=C1c1ccccc1 (Mutation error)
279,CC1C=CC=C1c1ccccc1 (Mutation error)
279,C1=CC2C1=C2c1ccccc1 (Mutation error)
279,CC1=C(c2ccccc2)C=C1 (Mutation error)
279,C1#CC(c2ccccc2)=C1 (Mutation error)
279,C1=C(c2ccccc2)CC1 (Mutation error)
279,C1=CCC=1c1ccccc1 (Mutation error)
279,C1=C2C1=C2c1ccccc1 (Mutation error)
279,C1=CCCC(c2ccccc2)=C1 (Mutation error)
279,C1=CC=CCC=1c1ccccc1 (Mutation error)
279,C1=CCC(c2ccccc2)=CC1 (Mutation error)
279,C1=CC=C(c2ccccc2)CC=1 (Mutation error)
279,C1=CC(c2ccccc2)=CCC1 (Mutation error)
279,C1=C2C=C(c3ccccc3)C12 (Mutation error)
279,CC1(C)C=C1c1ccccc1 (Mutation error)
279,CC1(C)C=CC=C1c1ccccc1 (Mutation error)
279,CCC1=CC(c2ccccc2)=C1 (Mutation error)
280,C1=CC(c2ccccc2)=C1 (Mutation error)
280,C1=C(c2ccccc2)C1 (Mutation error)
280,C1=CC=1c1ccccc1 (Mutation error)
280,C1=CCC(c2ccccc2)=C1 (Mutation error)
280,C1=CC=CC=1c1ccccc1 (Mutation error)
280,C1=CC(c2ccccc2)=CC1 (Mutation error)
280,CC1=CC(c2ccccc2)=C1 (Mutation error)
280,C=C1C=C1c1ccccc1 (Mutation error)
280,CC1C=C1c1ccccc1 (Mutation error)
280,CC1C=CC(c2ccccc2)=C1 (Mutation error)
280,CC1C=CC=C1c1ccccc1 (Mutation error)
280,CC1=C(c2ccccc2)C=C1 (Mutation error)
280,CC1=CC=C1c1ccccc1 (Mutation error)
280,C1=C=C(c2ccccc2)C=1 (Mutation error)
280,C1#CC(c2ccccc2)=C1 (Mutation error)
280,C1=C(c2ccccc2)CC1 (Mutation error)
280,C1=CCC=1c1ccccc1 (Mutation error)
280,C1=CC(c2ccccc2)=CCC1 (Mutation error)
280,C1=CC=CCC=1c1ccccc1 (Mutation error)
280,C1=CCC(c2ccccc2)=CC1 (Mutation error)
280,C1=C2C=C(c3ccccc3)C12 (Mutation error)
280,CC1(C)C=CC(c2ccccc2)=C1 (Mutation error)
281,C1=C(c2ccccc2)C1 (Mutation error)
281,C1=CC=1c1ccccc1 (Mutation error)
281,C1=CC=C(c2ccccc2)C=1 (Mutation error)
281,C1=CCC(c2ccccc2)=C1 (Mutation error)
281,C1=CC=CC=1c1ccccc1 (Mutation error)
281,CC1=CC(c2ccccc2)=C1 (Mutation error)
281,C=C1C=C1c1ccccc1 (Mutation error)
281,CC1C=C1c1ccccc1 (Mutation error)
281,CC1C=CC(c2ccccc2)=C1 (Mutation error)
281,C1=CC2C1=C2c1ccccc1 (Mutation error)
281,CC1=C(c2ccccc2)C=C1 (Mutation error)
281,C1=C=C(c2ccccc2)C=1 (Mutation error)
281,C1=CCC=1c1ccccc1 (Mutation error)
281,C1=C(c2ccccc2)CC1 (Mutation error)
281,C1=CCC=C(c2ccccc2)C=1 (Mutation error)
281,C1=CCCC(c2ccccc2)=C1 (Mutation error)
281,C1=CC(c2ccccc2)=CCC1 (Mutation error)
282,C1=CC=1c1ccccc1 (Mutation error)
282,C1=C(c2ccccc2)C1 (Mutation error)
282,C1=CC=CC=1c1ccccc1 (Mutation error)
282,C1=CC(c2ccccc2)=CC1 (Mutation error)
282,C1=CCC(c2ccccc2)=C1 (Mutation error)
282,CC1=CC(c2ccccc2)=C1 (Mutation error)
282,C=C1C=C1c1ccccc1 (Mutation error)
282,CC1C=C1c1ccccc1 (Mutation error)
282,CC1C=CC(c2ccccc2)=C1 (Mutation error)
282,C=C1C=CC=C1c1ccccc1 (Mutation error)
282,CC1=CC=C1c1ccccc1 (Mutation error)
282,C1=CC2C1=C2c1ccccc1 (Mutation error)
282,CC1=C(c2ccccc2)C=C1 (Mutation error)
282,C1=CCC=1c1ccccc1 (Mutation error)
282,C1#CC(c2ccccc2)=C1 (Mutation error)
282,C1=C(c2ccccc2)CC1 (Mutation error)
282,C1=C2C1=C2c1ccccc1 (Mutation error)
282,C1=C=C(c2ccccc2)C=1 (Mutation error)
282,C1=CC(c2ccccc2)=CCC1 (Mutation error)
282,C1=CCC=C(c2ccccc2)C=1 (Mutation error)
282,C1=CCC(c2ccccc2)=CC1 (Mutation error)
282,C1=CCC=CC=1c1ccccc1 (Mutation error)
282,C1=CC=C(c2ccccc2)CC=1 (Mutation error)
282,C1=CCCC(c2ccccc2)=C1 (Mutation error)
282,C1=C2C=C(c3ccccc3)C12 (Mutation error)
282,CC1(C)C=C1c1ccccc1 (Mutation error)
282,CC1(C)C=CC(c2ccccc2)=C1 (Mutation error)
282,CC1C=C(c2ccccc2)C=CC1 (Mutation error)
282,CC1C=CC(c2ccccc2)=CC1 (Mutation error)
282,CC1C=CCC(c2ccccc2)=C1 (Mutation error)
283,C1=CC(c2ccccc2)=C1 (Mutation error)
283,C1=CC=1c1ccccc1 (Mutation error)
283,C1=C(c2ccccc2)C1 (Mutation error)
283,C1=CCC(c2ccccc2)=C1 (Mutation error)
283,C1=CC=CC=1c1ccccc1 (Mutation error)
283,C1=CC=C(c2ccccc2)C=1 (Mutation error)
283,CC1=CC(c2ccccc2)=C1 (Mutation error)
283,C=C1C=C1c1ccccc1 (Mutation error)
283,C=C1C=CC=C1c1ccccc1 (Mutation error)
283,CC1C=CC(c2ccccc2)=C1 (Mutation error)
283,CC1C=CC=C1c1ccccc1 (Mutation error)
283,CC1=C(c2ccccc2)C=C1 (Mutation error)
283,CC1=CC=C1c1ccccc1 (Mutation error)
283,C1=C(c2ccccc2)CC1 (Mutation error)
283,C1=C=C(c2ccccc2)C=1 (Mutation error)
283,C1=C2C1=C2c1ccccc1 (Mutation error)
283,C1=CCC=1c1ccccc1 (Mutation error)
283,C1#CC(c2ccccc2)=C1 (Mutation error)
283,C1=CCC=C(c2ccccc2)C=1 (Mutation error)
283,C1=CC(c2ccccc2)=CCC1 (Mutation error)
283,C1=CCC(c2ccccc2)=CC1 (Mutation error)
283,C1=CC=C(c2ccccc2)CC=1 (Mutation error)
283,C1=CCCC(c2ccccc2)=C1 (Mutation error)
283,C1=C2C=C(c3ccccc3)C12 (Mutation error)
283,C1=C(c2ccccc2)C2=CC12 (Mutation error)
283,CC1(C)C=C1c1ccccc1 (Mutation error)
283,CC1(C)C=CC(c2ccccc2)=C1 (Mutation error)
284,C1=CC(c2ccccc2)=C1 (Mutation error)
284,C1=CC=1c1ccccc1 (Mutation error)
284,C1=C(c2ccccc2)C1 (Mutation error)
284,C1=CCC(c2ccccc2)=C1 (Mutation error)
284,C1=CC=C(c2ccccc2)C=1 (Mutation error)
284,C1=CC=CC=1c1ccccc1 (Mutation error)
284,C=C1C=C1c1ccccc1 (Mutation error)
284,CC1C=C1c1ccccc1 (Mutation error)
284,C=C1C=CC=C1c1ccccc1 (Mutation error)
284,CC1C=CC(c2ccccc2)=C1 (Mutation error)
284,CC1=C(c2ccccc2)C=C1 (Mutation error)
284,C1=CC2C1=C2c1ccccc1 (Mutation error)
284,CC1=CC=C1c1ccccc1 (Mutation error)
284,C1=C=C(c2ccccc2)C=1 (Mutation error)
284,C1=CCC=1c1ccccc1 (Mutation error)
284,C1=C2C1=C2c1ccccc1 (Mutation error)
284,C1#CC(c2ccccc2)=C1 (Mutation error)
284,C1=C(c2ccccc2)CC1 (Mutation error)
284,C1=CCCC(c2ccccc2)=C1 (Mutation error)
284,C1=CC(c2ccccc2)=CCC1 (Mutation error)
284,C1=CC=C(c2ccccc2)CC=1 (Mutation error)
284,C1=C2C=C(c3ccccc3)C12 (Mutation error)
284,C1=C(c2ccccc2)C2=CC12 (Mutation error)
284,CC1(C)C=CC=C1c1ccccc1 (Mutation error)
285,C1=CC(c2ccccc2)=C1 (Mutation error)
285,C1=CC=1c1ccccc1 (Mutation error)
285,C1=C(c2ccccc2)C1 (Mutation error)
285,C1=CC(c2ccccc2)=CC1 (Mutation error)
285,C1=CCC(c2ccccc2)=C1 (Mutation error)
285,C1=CC=CC=1c1ccccc1 (Mutation error)
285,C1=CC=C(c2ccccc2)C=1 (Mutation error)
285,CC1=CC(c2ccccc2)=C1 (Mutation error)
285,C=C1C=C1c1ccccc1 (Mutation error)
285,CC1C=C1c1ccccc1 (Mutation error)
285,CC1C=CC(c2ccccc2)=C1 (Mutation error)
285,C1=CC2C1=C2c1ccccc1 (Mutation error)
285,CC1=C(c2ccccc2)C=C1 (Mutation error)
285,C1=C=C(c2ccccc2)C=1 (Mutation error)
285,C1=C(c2ccccc2)CC1 (Mutation error)
285,C1=CCC=1c1ccccc1 (Mutation error)
285,C1#CC(c2ccccc2)=C1 (Mutation error)
285,C1=CC=CCC=1c1ccccc1 (Mutation error)
285,C1=CC=C(c2ccccc2)CC=1 (Mutation error)
285,C1=CCCC(c2ccccc2)=C1 (Mutation error)
285,C1=CC(c2ccccc2)=CCC1 (Mutation error)
285,C1=CCC=C(c2ccccc2)C=1 (Mutation error)
285,C1=CCC=CC=1c1ccccc1 (Mutation error)
285,C1=C(c2ccccc2)C2=CC12 (Mutation error)
285,C1=C2C=C(c3ccccc3)C12 (Mutation error)
285,CC1(C)C=C1c1ccccc1 (Mutation error)
285,CC12C=CC1=C2c1ccccc1 (Mutation error)
286,C1=CC(c2ccccc2)=C1 (Mutation error)
286,C1=CC=1c1ccccc1 (Mutation error)
286,C1=C(c2ccccc2)C1 (Mutation error)
286,C1=CC=C(c2ccccc2)C=1 (Mutation error)
286,C1=CC=CC=1c1ccccc1 (Mutation error)
286,C1=CCC(c2ccccc2)=C1 (Mutation error)
286,CC1=CC(c2ccccc2)=C1 (Mutation error)
286,C=C1C=C1c1ccccc1 (Mutation error)
286,CC1C=C1c1ccccc1 (Mutation error)
286,CC1C=CC=C1c1ccccc1 (Mutation error)
286,C=C1C=CC(c2ccccc2)=C1 (Mutation error)
286,C=C1C=CC=C1c1ccccc1 (Mutation error)
286,CC1C=CC(c2ccccc2)=C1 (Mutation error)
286,CC1=CC=C1c1ccccc1 (Mutation error)
286,C1=CC2C1=C2c1ccccc1 (Mutation error)
286,CC1=C(c2ccccc2)C=C1 (Mutation error)
286,C1=C(c2ccccc2)CC1 (Mutation error)
286,C1=CCC=1c1ccccc1 (Mutation error)
286,C1=C=C(c2ccccc2)C=1 (Mutation error)
286,C1=C2C1=C2c1ccccc1 (Mutation error)
286,C1#CC(c2ccccc2)=C1 (Mutation error)
286,C1=CC(c2ccccc2)=CCC1 (Mutation error)
286,C1=CCC(c2ccccc2)=CC1 (Mutation error)
286,C1=CCC=C(c2ccccc2)C=1 (Mutation error)
286,C1=CC=C(c2ccccc2)CC=1 (Mutation error)
286,C1=CC2C(c3ccccc3)=CC12 (Mutation error)
286,C1=CCCC(c2ccccc2)=C1 (Mutation error)
286,C1=C2C=C(c3ccccc3)C12 (Mutation error)
286,C1=C(c2ccccc2)C2=CC12 (Mutation error)
286,CC1(C)C=C1c1ccccc1 (Mutation error)
286,CC1(C)C=CC=C1c1ccccc1 (Mutation error)
286,CC1(C)C=CC(c2ccccc2)=C1 (Mutation error)
286,CC12C=CC1=C2c1ccccc1 (Mutation error)
286,CCC1C=CC(c2ccccc2)=C1 (Mutation error)
286,CC1C=CCC=C1c1ccccc1 (Mutation error)
286,CC1C=CCC(c2ccccc2)=C1 (Mutation error)
286,CCC1C=CC=C1c1ccccc1 (Mutation error)
286,CC1C=CC=C(c2ccccc2)C1 (Mutation error)
